0,$
1,`
2,aa
3,aac
4,aae
5,aaron
6,ab
7,abandon
8,abbey
9,abbott
10,abc
11,abi
12,abid
13,abil
14,abl
15,aboard
16,abort
17,absenc
18,absent
19,absolut
20,absorb
21,abstain
22,abund
23,abus
24,ac
25,academ
26,academi
27,acceler
28,accept
29,access
30,accid
31,accident
32,accommod
33,accomod
34,accompani
35,accomplish
36,accord
37,accordingli
38,account
39,accredit
40,acct
41,accur
42,accuraci
43,accus
44,ace
45,ach
46,achiev
47,acknowledg
48,acoa
49,acp
50,acquaint
51,acquir
52,acquisit
53,acr
54,acreag
55,acronym
56,across
57,acsalaska
58,act
59,action
60,activ
61,activist
62,actual
63,ad
64,ada
65,adak
66,adam
67,adamantli
68,adapt
69,add
70,addendum
71,addi
72,addict
73,addit
74,additin
75,address
76,addresse
77,adec
78,adequ
79,adf
80,adfg
81,adher
82,adjac
83,adjourn
84,adjust
85,admin
86,administ
87,administr
88,admir
89,admiss
90,admit
91,adn
92,adopt
93,ador
94,adougherti
95,adrian
96,adult
97,advanc
98,advantag
99,adventur
100,advers
101,advertis
102,advic
103,advis
104,advisor
105,advisori
106,advoc
107,advocaci
108,ae
109,aea
110,aekreitz
111,ael
112,aerial
113,aeronaut
114,af
115,afb
116,affair
117,affect
118,affili
119,affirm
120,afford
121,afghanistan
122,afl
123,afn
124,afraid
125,africa
126,african
127,afrw
128,afscm
129,aft
130,afteral
131,aftermath
132,afternoon
133,afterward
134,ag
135,age
136,agenc
137,agenda
138,agent
139,aggress
140,agia
141,ago
142,agpa
143,agre
144,agreeabl
145,agreement
146,agricultur
147,agrium
148,ah
149,ahalcro
150,ahea
151,ahead
152,ahfc
153,ahhh
154,ahold
155,ahoo
156,ahtna
157,ai
158,aiaska
159,aid
160,aidea
161,ail
162,aim
163,air
164,airborn
165,aircraft
166,airfar
167,airlin
168,airman
169,airplan
170,airport
171,ak
172,aka
173,akdemocrat
174,akdt
175,akn
176,aksafariclub
177,aksca
178,aku
179,al
180,ala
181,alabama
182,alan
183,alarm
184,alaska
185,alaskaair
186,alaskachamb
187,alaskadc
188,alaskagov
189,alaskan
190,alaskaplantladi
191,alaskapolit
192,albeit
193,albert
194,alberta
195,alcohol
196,alert
197,aleut
198,aleutian
199,alex
200,alexand
201,alfr
202,algebra
203,alien
204,align
205,alik
206,aliv
207,alleg
208,allegedli
209,allen
210,alli
211,allianc
212,allison
213,alloc
214,allot
215,allow
216,almost
217,alon
218,along
219,alot
220,alphabet
221,alreadi
222,also
223,alt
224,alter
225,altern
226,although
227,alumnu
228,alway
229,alyeska
230,amalia
231,amanda
232,amat
233,amaz
234,ambassador
235,ameduri
236,amen
237,amend
238,america
239,american
240,amh
241,ami
242,amicu
243,aml
244,among
245,amongst
246,amount
247,amp
248,amt
249,an
250,anadarko
251,anadrom
252,analysi
253,analyst
254,analyz
255,anand
256,anb
257,anc
258,anch
259,anchor
260,anchorag
261,ancmail
262,ancsa
263,ander
264,andersen
265,anderson
266,andi
267,andora
268,andrea
269,andrew
270,ang
271,angasan
272,angda
273,angel
274,anger
275,angl
276,angler
277,angoon
278,angri
279,aniak
280,anilca
281,anim
282,ann
283,anna
284,annett
285,annex
286,anniversari
287,announc
288,annoy
289,annual
290,anonym
291,anoth
292,ansca
293,answer
294,anthc
295,anthoni
296,anti
297,anticip
298,antitrust
299,antoni
300,antonio
301,anwr
302,anxiou
303,anybodi
304,anymor
305,anyon
306,anyth
307,anytim
308,anyway
309,anywher
310,ao
311,aoc
312,aoga
313,aogcc
314,aol
315,aov
316,ap
317,apart
318,apd
319,apea
320,apiai
321,apoc
322,apolog
323,app
324,appal
325,appar
326,appeal
327,appear
328,appel
329,appl
330,applaud
331,appli
332,applic
333,appoint
334,appointe
335,appreci
336,appris
337,approach
338,appropri
339,approv
340,approx
341,approxim
342,appt
343,apr
344,april
345,aprn
346,apt
347,aptalaska
348,aquacultur
349,ar
350,aram
351,arbitr
352,arc
353,architect
354,architectur
355,archiv
356,arctic
357,area
358,areawid
359,aren
360,arena
361,argu
362,argument
363,arial
364,aris
365,arizona
366,arkansa
367,arlington
368,arm
369,armi
370,armstrong
371,arno
372,arnold
373,around
374,arp
375,arr
376,arrang
377,array
378,arrest
379,arriv
380,arrog
381,arrow
382,art
383,arthur
384,articl
385,articul
386,artist
387,as
388,asaa
389,asap
390,asca
391,asd
392,asea
393,ash
394,asham
395,ashley
396,asia
397,asian
398,asid
399,ask
400,aska
401,asmi
402,asp
403,aspect
404,aspelund
405,aspen
406,asphalt
407,aspx
408,ass
409,assault
410,assembl
411,assert
412,assess
413,asset
414,assign
415,assist
416,assn
417,assoc
418,associ
419,assum
420,assumpt
421,assur
422,ast
423,ataska
424,ate
425,athlet
426,atla
427,atlanta
428,atm
429,atmospher
430,att
431,attach
432,attack
433,attain
434,attempt
435,attend
436,attende
437,attent
438,attest
439,atti
440,attitud
441,attorney
442,attract
443,attribut
444,atv
445,atwood
446,au
447,auction
448,audi
449,audienc
450,audio
451,audit
452,auditor
453,audra
454,aug
455,august
456,aunt
457,aurora
458,austerman
459,austin
460,australia
461,authent
462,author
463,autism
464,auto
465,autograph
466,autom
467,automat
468,autorepli
469,auxiliari
470,avail
471,avalanch
472,ave
473,avec
474,avenu
475,averag
476,avg
477,aviat
478,avoid
479,avtec
480,aw
481,await
482,awar
483,award
484,away
485,awesom
486,awhil
487,awib
488,ax
489,axe
490,ay
491,ayer
492,az
493,b
494,ba
495,babcock
496,babi
497,babson
498,bac
499,bachelor
500,back
501,backbon
502,background
503,backup
504,backward
505,backyard
506,bad
507,badli
508,badnew
509,baffl
510,bag
511,bailey
512,bait
513,bake
514,baker
515,balanc
516,balash
517,bald
518,baldino
519,ball
520,ballot
521,ballpark
522,ballroom
523,ban
524,band
525,bang
526,banish
527,bank
528,banner
529,bannock
530,banquet
531,baptist
532,bar
533,baranof
534,barb
535,barbara
536,barber
537,bare
538,barg
539,bargain
540,barn
541,barnhil
542,barrel
543,barri
544,barrier
545,barrow
546,bartlett
547,base
548,basebal
549,baselin
550,basement
551,basi
552,basic
553,basin
554,basket
555,basketbal
556,bat
557,bate
558,bathroom
559,battalion
560,batteri
561,battl
562,bay
563,bb
564,bbiii
565,bbnc
566,bbq
567,bc
568,bd
569,be
570,beach
571,beal
572,bean
573,bear
574,beat
575,beaufort
576,beauti
577,becam
578,beck
579,becker
580,becki
581,becom
582,bed
583,bedroom
584,bee
585,beecher
586,beef
587,beer
588,beforehand
589,beg
590,began
591,begich
592,begin
593,begun
594,behalf
595,behavior
596,behind
597,behr
598,beigel
599,belat
600,beleiv
601,belief
602,believ
603,beliz
604,bell
605,bella
606,bellingham
607,bellsouth
608,belong
609,beluga
610,ben
611,bench
612,benchmark
613,benedict
614,benefici
615,benefit
616,benjamin
617,bennett
618,benson
619,bere
620,berg
621,bergerbest
622,berm
623,bernard
624,berni
625,bernic
626,berri
627,bert
628,berta
629,bertoson
630,besid
631,best
632,bet
633,beta
634,beth
635,bethel
636,better
637,betti
638,betty
639,beverag
640,beverli
641,beyond
642,bg
643,bi
644,bia
645,bibl
646,biblic
647,bid
648,bidder
649,biegel
650,big
651,bigger
652,biggest
653,bike
654,bilater
655,bill
656,billallen
657,billion
658,bin
659,bind
660,binder
661,bingham
662,binkley
663,bio
664,biofuel
665,biolog
666,biologist
667,biomass
668,bipartisan
669,bird
670,birth
671,birthday
672,bishop
673,bisson
674,bisx
675,bit
676,bite
677,bitney
678,biz
679,bizarr
680,black
681,blackbeni
682,blackberri
683,blackberry
684,blackberrya
685,blackberrym
686,blackberryo
687,blame
688,blank
689,blanket
690,blast
691,bldg
692,bless
693,blind
694,blindsid
695,blitz
696,blm
697,block
698,blockbust
699,blog
700,blogger
701,blood
702,bloomberg
703,blow
704,blue
705,bluhm
706,blunder
707,blunt
708,blvd
709,bo
710,board
711,boat
712,bob
713,bobbi
714,bobloesch
715,bockhorst
716,bockmon
717,bodi
718,boehner
719,bof
720,bog
721,bogu
722,boil
723,bold
724,boldrin
725,bomb
726,bombard
727,bond
728,bone
729,bonni
730,bonu
731,book
732,booklet
733,bookmark
734,boost
735,boot
736,booth
737,bootleg
738,booz
739,border
740,bore
741,born
742,borough
743,borrow
744,boston
745,bother
746,bottl
747,bottom
748,bought
749,bounc
750,bound
751,boundari
752,bounti
753,bow
754,bowl
755,box
756,boy
757,boyc
758,boyd
759,boyl
760,bp
761,br
762,brad
763,bradley
764,bradner
765,brain
766,brainstorm
767,brake
768,branch
769,branchflow
770,brand
771,brave
772,breach
773,bread
774,break
775,breakdown
776,breaker
777,breakfast
778,breast
779,breath
780,bremner
781,brenalaw
782,brenda
783,brent
784,brew
785,brewster
786,brian
787,briantest
788,bribe
789,briberi
790,brick
791,bridg
792,brief
793,briefli
794,brien
795,brigad
796,bright
797,brilliant
798,bring
799,bristol
800,british
801,britta
802,bro
803,broad
804,broadcast
805,broaden
806,broader
807,broadway
808,brochur
809,broke
810,broken
811,brook
812,brother
813,brotherhood
814,brought
815,brown
816,browni
817,brows
818,browser
819,bruce
820,brush
821,brutal
822,bryan
823,bryce
824,bsa
825,btw
826,bu
827,buc
828,buch
829,buck
830,bud
831,buddi
832,budg
833,budget
834,bug
835,build
836,builder
837,built
838,bulb
839,bulk
840,bull
841,bullet
842,bulletin
843,bulli
844,bum
845,bump
846,bunch
847,bund
848,bundl
849,burden
850,bureau
851,bureaucrat
852,burgess
853,buri
854,burk
855,burkert
856,burn
857,burnett
858,burt
859,busch
860,bush
861,busi
862,butcher
863,butler
864,butt
865,butter
866,button
867,buy
868,buyer
869,buzz
870,bye
871,byer
872,bylaw
873,bypass
874,byrn
875,byte
876,c
877,ca
878,cab
879,cabin
880,cabinet
881,cabl
882,cadient
883,cafe
884,cake
885,cal
886,caland
887,calaska
888,calcul
889,calendar
890,calf
891,calgari
892,calhoun
893,california
894,call
895,caller
896,calm
897,cam
898,came
899,camera
900,cameron
901,camp
902,campaign
903,campbel
904,campu
905,canada
906,canadian
907,canal
908,cancel
909,cancer
910,candi
911,candid
912,cant
913,cantor
914,cantwel
915,canyon
916,cap
917,capabl
918,capac
919,capit
920,capitol
921,capston
922,capt
923,captain
924,captur
925,capwip
926,car
927,caravan
928,carbon
929,card
930,cardhu
931,care
932,career
933,cari
934,carib
935,caribbean
936,caringbridg
937,carl
938,carlson
939,carlyl
940,carney
941,carol
942,carole
943,carolina
944,carolyn
945,carpeneti
946,carpent
947,carpet
948,carr
949,carri
950,carrier
951,carrigan
952,carrol
953,carter
954,cascad
955,case
956,casella
957,cash
958,cashman
959,caspar
960,casqueira
961,cassandra
962,cast
963,castl
964,casual
965,cat
966,catastroph
967,catch
968,categori
969,cater
970,catherin
971,cathi
972,caucu
973,caught
974,caus
975,caution
976,caveat
977,cayc
978,cbj
979,cbr
980,ccing
981,ccthita
982,cd
983,cdc
984,ce
985,cea
986,ceas
987,ced
988,cedar
989,ceil
990,celebr
991,cell
992,cellular
993,censu
994,cent
995,centenni
996,center
997,central
998,centuri
999,ceo
1000,ceonew
1001,ceremoni
1002,certain
1003,certainli
1004,certainti
1005,certif
1006,certifi
1007,cfl
1008,cfm
1009,cfr
1010,cfwbr
1011,cgcalaska
1012,cgiessel
1013,ch
1014,chad
1015,chain
1016,chair
1017,chairman
1018,chairperson
1019,challeng
1020,chalmer
1021,chamber
1022,chamberoftheamerica
1023,champagn
1024,champion
1025,championship
1026,chanc
1027,chancellor
1028,chandler
1029,chang
1030,changepoint
1031,channel
1032,chapter
1033,charact
1034,character
1035,characterist
1036,charg
1037,charit
1038,chariti
1039,charl
1040,charli
1041,charlott
1042,chart
1043,charter
1044,chase
1045,chat
1046,chc
1047,chckheath
1048,cheap
1049,cheaper
1050,check
1051,checkbook
1052,checkin
1053,cheer
1054,chees
1055,chef
1056,chemic
1057,chena
1058,chenault
1059,chenega
1060,cheney
1061,cheri
1062,chertoff
1063,cheryl
1064,chevron
1065,chew
1066,chicago
1067,chickaloon
1068,chicken
1069,chief
1070,child
1071,childcar
1072,childhood
1073,chill
1074,chime
1075,china
1076,chip
1077,chistochina
1078,chitina
1079,chk
1080,choic
1081,choos
1082,chose
1083,chosen
1084,chri
1085,christ
1086,christensen
1087,christi
1088,christian
1089,christin
1090,christina
1091,christma
1092,christoph
1093,chromosom
1094,chuck
1095,chugach
1096,chugiak
1097,chukchi
1098,church
1099,ci
1100,cia
1101,cidbl
1102,cigarett
1103,cindi
1104,cio
1105,cip
1106,cir
1107,circl
1108,circuit
1109,circul
1110,circumst
1111,ciri
1112,cisnero
1113,cissna
1114,cite
1115,citi
1116,citizen
1117,citizenri
1118,citizenship
1119,civic
1120,civil
1121,civilian
1122,civiloc
1123,cl
1124,claim
1125,claimant
1126,clair
1127,clarif
1128,clarifi
1129,clarion
1130,clariti
1131,clark
1132,clarkson
1133,class
1134,classic
1135,classif
1136,classifi
1137,classroom
1138,claus
1139,cldbl
1140,clean
1141,cleaner
1142,cleanup
1143,clear
1144,clearanc
1145,clearer
1146,clearinghous
1147,clearli
1148,clem
1149,clemenc
1150,clerk
1151,cleveland
1152,click
1153,client
1154,clientprivileg
1155,cliff
1156,clifton
1157,climat
1158,climb
1159,clinic
1160,clinton
1161,clip
1162,clock
1163,close
1164,closer
1165,closest
1166,closet
1167,closur
1168,cloth
1169,cloud
1170,club
1171,clue
1172,cluster
1173,cn
1174,cnbc
1175,cnc
1176,cnn
1177,co
1178,coach
1179,coal
1180,coalit
1181,coast
1182,coastal
1183,cobb
1184,cockerham
1185,cockrel
1186,cod
1187,code
1188,codi
1189,coeur
1190,coffe
1191,coghil
1192,coha
1193,cohen
1194,coho
1195,coin
1196,coincid
1197,col
1198,colberg
1199,cold
1200,cole
1201,coleman
1202,collabor
1203,collaps
1204,colleagu
1205,collect
1206,colleen
1207,colleg
1208,collin
1209,colonel
1210,coloni
1211,color
1212,colorado
1213,columbia
1214,columbu
1215,column
1216,columnist
1217,comb
1218,combat
1219,combin
1220,comcast
1221,come
1222,comeau
1223,comfort
1224,comj
1225,coml
1226,comm
1227,command
1228,commemor
1229,commenc
1230,commend
1231,comment
1232,commentari
1233,commerc
1234,commerci
1235,commish
1236,commision
1237,commiss
1238,commission
1239,commit
1240,committ
1241,committe
1242,committeeman
1243,commod
1244,common
1245,commonwealth
1246,commun
1247,communiqu
1248,commut
1249,comp
1250,compact
1251,compani
1252,compar
1253,comparison
1254,compass
1255,compel
1256,compens
1257,compet
1258,competit
1259,competitor
1260,compil
1261,complain
1262,complaint
1263,complet
1264,complex
1265,compli
1266,complianc
1267,complic
1268,compliment
1269,compon
1270,composit
1271,compost
1272,comprehens
1273,compris
1274,compromis
1275,comput
1276,con
1277,conceal
1278,concentr
1279,concept
1280,concern
1281,concert
1282,concess
1283,concis
1284,conclud
1285,conclus
1286,concret
1287,concur
1288,concurr
1289,condemn
1290,condit
1291,condol
1292,condon
1293,conduct
1294,conf
1295,confer
1296,confid
1297,confidenti
1298,confirm
1299,conflict
1300,conform
1301,confront
1302,confus
1303,congradul
1304,congrat
1305,congratul
1306,congratulatori
1307,congress
1308,congression
1309,congressman
1310,conjunct
1311,connect
1312,connecticut
1313,conni
1314,conoco
1315,conocophillip
1316,consecut
1317,consensu
1318,consent
1319,consequ
1320,conserv
1321,consid
1322,consider
1323,consist
1324,consolid
1325,consortium
1326,conspiraci
1327,const
1328,constant
1329,constantli
1330,constitu
1331,constitut
1332,constitution
1333,constraint
1334,construct
1335,consult
1336,consum
1337,consumpt
1338,cont
1339,contact
1340,contain
1341,contamin
1342,contempl
1343,contemporari
1344,contempt
1345,contend
1346,content
1347,contenti
1348,contest
1349,context
1350,continent
1351,conting
1352,continu
1353,contract
1354,contractor
1355,contradict
1356,contrari
1357,contrast
1358,contribut
1359,contributor
1360,control
1361,controversi
1362,conven
1363,conveni
1364,convent
1365,convers
1366,convert
1367,convey
1368,convict
1369,convinc
1370,convo
1371,convoc
1372,coo
1373,cook
1374,cooki
1375,cool
1376,coop
1377,cooper
1378,coordin
1379,cop
1380,cope
1381,copi
1382,copier
1383,copper
1384,copyright
1385,cor
1386,cora
1387,coratolo
1388,cordial
1389,cordova
1390,core
1391,corey
1392,corn
1393,corner
1394,corp
1395,corpor
1396,corpuz
1397,correct
1398,correctli
1399,correl
1400,correspond
1401,corridor
1402,corros
1403,corross
1404,corrupt
1405,cost
1406,costco
1407,costli
1408,cottl
1409,couch
1410,could
1411,couldn
1412,couldnt
1413,council
1414,counsel
1415,counselor
1416,count
1417,counter
1418,counterpart
1419,counti
1420,countri
1421,coupl
1422,courag
1423,cours
1424,court
1425,courtesi
1426,cousin
1427,covanta
1428,cove
1429,coven
1430,cover
1431,coverag
1432,cow
1433,cowderi
1434,cox
1435,cp
1436,cpt
1437,cq
1438,cr
1439,crab
1440,crack
1441,crafford
1442,craft
1443,craig
1444,cramer
1445,crank
1446,crap
1447,crash
1448,crawford
1449,crazi
1450,cream
1451,creameri
1452,creat
1453,creation
1454,creativ
1455,creator
1456,credenti
1457,credibl
1458,credit
1459,creek
1460,crew
1461,cri
1462,crime
1463,crimin
1464,crisi
1465,criterion
1466,critic
1467,crome
1468,crop
1469,cross
1470,crowd
1471,crown
1472,crt
1473,crucial
1474,crude
1475,cruis
1476,crunch
1477,crv
1478,crystal
1479,csg
1480,ct
1481,cubic
1482,culp
1483,cultur
1484,cunningham
1485,cup
1486,curb
1487,curiou
1488,current
1489,curriculum
1490,curt
1491,curti
1492,curv
1493,cushion
1494,custodi
1495,custom
1496,customari
1497,cut
1498,cyanid
1499,cycl
1500,cynthia
1501,cyr
1502,d
1503,da
1504,dad
1505,dahlstrom
1506,daili
1507,dairi
1508,dakota
1509,dale
1510,dalla
1511,dalton
1512,damag
1513,dan
1514,dana
1515,danc
1516,dang
1517,danger
1518,daniel
1519,dare
1520,darfur
1521,dark
1522,darn
1523,darrel
1524,darwin
1525,data
1526,databas
1527,date
1528,daugherti
1529,daughter
1530,dave
1531,davi
1532,david
1533,dawn
1534,dawson
1535,day
1536,daycar
1537,daylight
1538,dc
1539,dcced
1540,dced
1541,dcra
1542,dd
1543,ddonkel
1544,de
1545,dead
1546,deadliest
1547,deadlin
1548,deal
1549,dealt
1550,dean
1551,dear
1552,dearli
1553,death
1554,deb
1555,debat
1556,debbi
1557,debit
1558,deborah
1559,debra
1560,debrief
1561,debt
1562,dec
1563,decad
1564,deceiv
1565,decemb
1566,decent
1567,decept
1568,decid
1569,decis
1570,deck
1571,declar
1572,declin
1573,decombobul
1574,decor
1575,decreas
1576,dedic
1577,deduct
1578,deed
1579,deem
1580,deep
1581,deepli
1582,deer
1583,default
1584,defeat
1585,defend
1586,defens
1587,defer
1588,defici
1589,deficit
1590,defin
1591,definit
1592,degraaf
1593,degre
1594,del
1595,delawar
1596,delay
1597,deleg
1598,delet
1599,delib
1600,deliber
1601,delici
1602,delight
1603,deliv
1604,deliveri
1605,delo
1606,delta
1607,dem
1608,demand
1609,demientieff
1610,democraci
1611,democrat
1612,demograph
1613,demolit
1614,demonstr
1615,denali
1616,denbi
1617,deni
1618,denial
1619,denis
1620,denni
1621,dental
1622,denver
1623,dep
1624,depart
1625,department
1626,departur
1627,depend
1628,deploy
1629,deposit
1630,depot
1631,depress
1632,depriv
1633,dept
1634,depth
1635,deputi
1636,derbi
1637,derek
1638,deriv
1639,describ
1640,descript
1641,desert
1642,deserv
1643,design
1644,designe
1645,desir
1646,desk
1647,desper
1648,despit
1649,dessert
1650,destin
1651,destroy
1652,destruct
1653,detail
1654,detect
1655,determin
1656,detriment
1657,devast
1658,develop
1659,development
1660,devic
1661,devilbiss
1662,devon
1663,devot
1664,deyoung
1665,df
1666,dfg
1667,dh
1668,dhss
1669,di
1670,diagnos
1671,diagnosi
1672,diagnost
1673,dial
1674,dialog
1675,dialogu
1676,dian
1677,diana
1678,diann
1679,dick
1680,dickinson
1681,dictat
1682,didn
1683,didnt
1684,die
1685,diego
1686,diem
1687,diesel
1688,dietrick
1689,differ
1690,differenti
1691,difficult
1692,difficulti
1693,dig
1694,digest
1695,digit
1696,digniti
1697,dilig
1698,dillingham
1699,dillon
1700,dilut
1701,dime
1702,diminish
1703,dimond
1704,dine
1705,ding
1706,dingel
1707,dinner
1708,dioxid
1709,dip
1710,diploma
1711,diplomat
1712,dir
1713,dire
1714,direct
1715,directli
1716,director
1717,directori
1718,dirk
1719,dirti
1720,disabl
1721,disadvantag
1722,disagr
1723,disagre
1724,disappoint
1725,disapprov
1726,disast
1727,disburs
1728,discern
1729,discharg
1730,disciplin
1731,disciplinari
1732,disclaim
1733,disclos
1734,disclosur
1735,discontinu
1736,discount
1737,discourag
1738,discov
1739,discoveri
1740,discredit
1741,discrep
1742,discret
1743,discretionari
1744,discrimin
1745,discriminatori
1746,discu
1747,discuss
1748,diseas
1749,disgust
1750,dish
1751,dislik
1752,dismiss
1753,disord
1754,dispar
1755,dispatch
1756,dispel
1757,display
1758,dispos
1759,disput
1760,disqualifi
1761,disregard
1762,disrespect
1763,disrupt
1764,dissemin
1765,dissent
1766,distanc
1767,distinct
1768,distinguish
1769,distract
1770,distribut
1771,distributor
1772,district
1773,disturb
1774,dittman
1775,div
1776,divers
1777,diversif
1778,diversifi
1779,divest
1780,divid
1781,dividend
1782,divis
1783,divorc
1784,dj
1785,dkerr
1786,dl
1787,dlg
1788,dmv
1789,dmva
1790,dna
1791,dnr
1792,doa
1793,doc
1794,docid
1795,dock
1796,doctor
1797,document
1798,dod
1799,dodson
1800,doe
1801,doesn
1802,doesnt
1803,dog
1804,doi
1805,doj
1806,dol
1807,doll
1808,dollar
1809,doloresa
1810,domain
1811,dome
1812,domest
1813,domin
1814,donald
1815,donaldson
1816,donat
1817,done
1818,donna
1819,donnelli
1820,donni
1821,donohu
1822,donor
1823,dont
1824,donut
1825,doogan
1826,door
1827,dor
1828,dori
1829,dorm
1830,dorothi
1831,dose
1832,dot
1833,doubl
1834,doubt
1835,doug
1836,dougla
1837,dow
1838,down
1839,download
1840,downstair
1841,downtown
1842,doyon
1843,dozen
1844,dp
1845,dr
1846,draft
1847,drag
1848,drain
1849,drainag
1850,drama
1851,dramat
1852,drastic
1853,draw
1854,drawn
1855,drb
1856,dread
1857,dream
1858,dress
1859,dri
1860,drift
1861,drill
1862,drink
1863,drive
1864,driven
1865,driver
1866,drop
1867,dropout
1868,droubay
1869,drove
1870,drue
1871,drug
1872,drum
1873,dryer
1874,dsc
1875,dual
1876,duan
1877,dubay
1878,dubey
1879,duck
1880,dude
1881,due
1882,duke
1883,dump
1884,duncan
1885,duplic
1886,durat
1887,dust
1888,dutch
1889,duti
1890,dv
1891,dvd
1892,dwayn
1893,dwc
1894,dwight
1895,dwimar
1896,dy
1897,dynam
1898,dyson
1899,e
1900,ea
1901,eager
1902,eagl
1903,ear
1904,earl
1905,earli
1906,earlier
1907,earliest
1908,earmark
1909,earn
1910,earth
1911,earthlink
1912,earthquak
1913,eas
1914,easi
1915,easier
1916,easili
1917,east
1918,easter
1919,eastern
1920,easton
1921,eat
1922,ebona
1923,ec
1924,echo
1925,eckert
1926,ecolog
1927,econom
1928,economi
1929,economist
1930,ed
1931,eddi
1932,edfelt
1933,edg
1934,edgecumb
1935,edgmon
1936,edit
1937,editor
1938,editori
1939,edmonton
1940,edmund
1941,edt
1942,edu
1943,educ
1944,edward
1945,ee
1946,eed
1947,eeo
1948,efagerstrom
1949,efagerstromj
1950,effect
1951,effici
1952,effort
1953,egan
1954,egg
1955,ego
1956,eh
1957,ei
1958,eibeck
1959,eielson
1960,eight
1961,eighth
1962,eileen
1963,either
1964,eklutna
1965,el
1966,elabor
1967,elain
1968,elder
1969,elderli
1970,eldon
1971,elect
1972,elector
1973,electr
1974,electron
1975,element
1976,elementari
1977,elena
1978,elev
1979,eleven
1980,elig
1981,elimin
1982,elizabeth
1983,elkin
1984,ell
1985,ella
1986,ellen
1987,elli
1988,elliott
1989,ellsworth
1990,elmendorf
1991,els
1992,elsewher
1993,elton
1994,em
1995,email
1996,embargo
1997,embarrass
1998,embrac
1999,emerg
2000,emil
2001,emiss
2002,emot
2003,emphas
2004,emphasi
2005,emphat
2006,empir
2007,employ
2008,employe
2009,empow
2010,empti
2011,en
2012,enabl
2013,enact
2014,enbridg
2015,enclav
2016,enclos
2017,encod
2018,encount
2019,encourag
2020,end
2021,endang
2022,endeavor
2023,endicott
2024,endors
2025,endow
2026,endur
2027,enemi
2028,energ
2029,energi
2030,enforc
2031,engag
2032,engin
2033,english
2034,enhanc
2035,eni
2036,enjoy
2037,enka
2038,enlighten
2039,enlist
2040,enorm
2041,enough
2042,enrol
2043,enstar
2044,ensur
2045,ent
2046,entail
2047,enter
2048,enterpris
2049,entertain
2050,enthus
2051,enthusiasm
2052,enthusiast
2053,entir
2054,entiti
2055,entitl
2056,entourag
2057,entranc
2058,entrepreneur
2059,entrepreneurship
2060,entri
2061,entrust
2062,envelop
2063,environ
2064,environment
2065,envis
2066,eo
2067,eov
2068,epa
2069,episod
2070,equal
2071,equat
2072,equip
2073,equit
2074,equiti
2075,equival
2076,er
2077,era
2078,eric
2079,erica
2080,erickson
2081,erik
2082,erika
2083,erin
2084,eros
2085,erron
2086,error
2087,erupt
2088,esa
2089,escal
2090,escap
2091,escort
2092,eskimo
2093,esp
2094,especi
2095,essenc
2096,essenti
2097,est
2098,establish
2099,estat
2100,esther
2101,estim
2102,et
2103,etc
2104,ethan
2105,ethanol
2106,ethel
2107,etheridg
2108,ethic
2109,ethnic
2110,europ
2111,european
2112,ev
2113,eva
2114,evalu
2115,evan
2116,eve
2117,even
2118,event
2119,eventu
2120,ever
2121,everi
2122,everybodi
2123,everyday
2124,everyon
2125,everyth
2126,everywher
2127,evid
2128,evidenc
2129,evil
2130,evo
2131,evolut
2132,evolv
2133,evt
2134,ex
2135,exact
2136,exactli
2137,exam
2138,examin
2139,exampl
2140,exceed
2141,excel
2142,excelencia
2143,except
2144,excerpt
2145,excess
2146,exchang
2147,excit
2148,exclud
2149,exclus
2150,exct
2151,excus
2152,exec
2153,execdir
2154,execut
2155,exemplifi
2156,exempt
2157,exercis
2158,exhaust
2159,exhibit
2160,exist
2161,exit
2162,exp
2163,expand
2164,expans
2165,expect
2166,expedit
2167,expend
2168,expenditur
2169,expens
2170,experi
2171,experienc
2172,expert
2173,expertis
2174,expir
2175,explain
2176,explan
2177,exploit
2178,explor
2179,explos
2180,expo
2181,export
2182,expos
2183,exposur
2184,express
2185,expressli
2186,ext
2187,extemalemailgsp
2188,extend
2189,extens
2190,extent
2191,extern
2192,externalemailgsp
2193,extra
2194,extract
2195,extradit
2196,extraordinari
2197,extrem
2198,exxon
2199,exxonmobil
2200,ey
2201,eye
2202,f
2203,faa
2204,fabe
2205,fabrello
2206,fabul
2207,face
2208,facil
2209,facilit
2210,fackrel
2211,fact
2212,factor
2213,factual
2214,faculti
2215,fagan
2216,fagerstrom
2217,fai
2218,fail
2219,failur
2220,fair
2221,fairbank
2222,fairclough
2223,fairli
2224,fairweath
2225,faith
2226,fall
2227,fallen
2228,fals
2229,fame
2230,famili
2231,familiar
2232,famou
2233,fan
2234,fantast
2235,faq
2236,far
2237,fare
2238,farechas
2239,fargo
2240,farm
2241,farmer
2242,fashion
2243,fast
2244,faster
2245,fastest
2246,fatal
2247,fate
2248,father
2249,fault
2250,favor
2251,favorit
2252,fax
2253,fb
2254,fbi
2255,fbk
2256,fbx
2257,fear
2258,feasibl
2259,featur
2260,feb
2261,februari
2262,fed
2263,feder
2264,fedex
2265,fedullo
2266,fee
2267,feed
2268,feedback
2269,feel
2270,fell
2271,fellow
2272,fellowship
2273,felt
2274,femal
2275,fenc
2276,fenti
2277,ferc
2278,ferri
2279,fertil
2280,festiv
2281,fetch
2282,fewer
2283,fhwa
2284,fi
2285,fiction
2286,field
2287,fifth
2288,fifti
2289,fight
2290,figur
2291,file
2292,fill
2293,film
2294,filter
2295,fin
2296,final
2297,finalist
2298,financ
2299,financi
2300,find
2301,fine
2302,finest
2303,finger
2304,finish
2305,fire
2306,firearm
2307,firefight
2308,firewe
2309,firework
2310,firm
2311,firmli
2312,first
2313,fiscal
2314,fischbach
2315,fischer
2316,fish
2317,fisher
2318,fisheri
2319,fisherman
2320,fishgam
2321,fishi
2322,fit
2323,five
2324,fix
2325,fiy
2326,fl
2327,flag
2328,flap
2329,flat
2330,flaw
2331,fleener
2332,fleet
2333,flesh
2334,fleutsch
2335,flew
2336,flexibl
2337,fli
2338,flight
2339,flint
2340,flip
2341,flippin
2342,float
2343,flood
2344,floor
2345,florenc
2346,florida
2347,flow
2348,flower
2349,flown
2350,flt
2351,flu
2352,fluetsch
2353,flyer
2354,fm
2355,fmailto
2356,fo
2357,focu
2358,focus
2359,fogel
2360,foia
2361,folder
2362,folk
2363,follow
2364,font
2365,food
2366,fool
2367,foot
2368,footag
2369,footbal
2370,foothil
2371,footprint
2372,forc
2373,ford
2374,forecast
2375,forefront
2376,foreign
2377,foresight
2378,forest
2379,forestri
2380,forev
2381,forg
2382,forget
2383,forgey
2384,forgiv
2385,forgo
2386,forgot
2387,forgotten
2388,form
2389,formal
2390,format
2391,former
2392,formergovernor
2393,formerli
2394,formul
2395,formula
2396,fort
2397,forth
2398,forthcom
2399,forti
2400,fortun
2401,forum
2402,forward
2403,fossil
2404,foster
2405,fought
2406,foul
2407,found
2408,foundat
2409,founder
2410,four
2411,fourth
2412,fowler
2413,fox
2414,fr
2415,fraction
2416,fradley
2417,frame
2418,framework
2419,fran
2420,franc
2421,franci
2422,francisco
2423,frank
2424,frankli
2425,franklin
2426,fraud
2427,fred
2428,freda
2429,free
2430,freedom
2431,freeli
2432,freezer
2433,french
2434,frequent
2435,fresh
2436,fri
2437,friday
2438,fridg
2439,friend
2440,friendli
2441,front
2442,frontier
2443,frontiersman
2444,frozen
2445,fruit
2446,fruition
2447,frustrat
2448,frye
2449,fsb
2450,ft
2451,ftbai
2452,ftbailey
2453,fuel
2454,fuglestad
2455,fuh
2456,fulfil
2457,full
2458,fuller
2459,fulli
2460,fun
2461,function
2462,fund
2463,fundament
2464,fundrais
2465,funer
2466,funni
2467,fur
2468,furnish
2469,furnitur
2470,furthermor
2471,futur
2472,fw
2473,fwd
2474,fy
2475,fyi
2476,g
2477,ga
2478,gabriel
2479,gag
2480,gail
2481,gain
2482,gal
2483,gala
2484,galena
2485,gallagh
2486,galleri
2487,gallon
2488,galvin
2489,gambl
2490,game
2491,gang
2492,gap
2493,gara
2494,garag
2495,garbag
2496,garden
2497,gardner
2498,gari
2499,garnero
2500,gasif
2501,gaslin
2502,gasolin
2503,gastineau
2504,gate
2505,gateway
2506,gather
2507,gatto
2508,gave
2509,gavel
2510,gbiegel
2511,gc
2512,gcec
2513,gci
2514,ge
2515,gear
2516,geerin
2517,geez
2518,gen
2519,gender
2520,gene
2521,gener
2522,genet
2523,genocid
2524,gentleman
2525,genuin
2526,geograph
2527,georg
2528,georgia
2529,geotherm
2530,gerald
2531,gerk
2532,germani
2533,gerri
2534,gestur
2535,get
2536,gf
2537,ggu
2538,giant
2539,gibson
2540,giessel
2541,gif
2542,gift
2543,gig
2544,gil
2545,gile
2546,gill
2547,gillespi
2548,ginger
2549,giovanni
2550,girl
2551,gist
2552,give
2553,given
2554,gl
2555,glacier
2556,glad
2557,gladli
2558,glass
2559,glazier
2560,glen
2561,glenallen
2562,glenn
2563,glennallen
2564,glitch
2565,global
2566,globe
2567,gm
2568,gmail
2569,gmminer
2570,gmr
2571,gmu
2572,go
2573,goad
2574,goal
2575,god
2576,gold
2577,goldbelt
2578,golden
2579,golf
2580,gomez
2581,gon
2582,gone
2583,good
2584,googl
2585,gop
2586,gordon
2587,got
2588,goto
2589,gotten
2590,gottstein
2591,gov
2592,govemor
2593,govemoralaska
2594,govenor
2595,govern
2596,government
2597,governor
2598,governoralaska
2599,govj
2600,govl
2601,govpalin
2602,govpalinalaska
2603,govsarah
2604,govsp
2605,govt
2606,govweb
2607,grab
2608,grace
2609,graciou
2610,gracious
2611,grad
2612,grade
2613,grader
2614,graduat
2615,graf
2616,grand
2617,grandchild
2618,granddaught
2619,grandfath
2620,grandmoth
2621,grandson
2622,grant
2623,graphic
2624,grasp
2625,grass
2626,grassroot
2627,grate
2628,gratitud
2629,gravel
2630,gravina
2631,gray
2632,great
2633,greater
2634,greatest
2635,greatli
2636,greedi
2637,green
2638,greenhous
2639,greenland
2640,greet
2641,greg
2642,gregori
2643,greta
2644,grew
2645,grid
2646,grievanc
2647,griffin
2648,grill
2649,grind
2650,gripe
2651,griz
2652,grizzli
2653,groceri
2654,gross
2655,grou
2656,ground
2657,group
2658,groupicn
2659,grow
2660,grown
2661,growth
2662,gruen
2663,gruenberg
2664,grunt
2665,grussendorf
2666,gspo
2667,gspoi
2668,gspol
2669,gt
2670,gtlaw
2671,guarante
2672,guard
2673,guardian
2674,gubernatori
2675,guess
2676,guest
2677,guid
2678,guidanc
2679,guidelin
2680,guilti
2681,gulf
2682,gun
2683,guru
2684,gustavu
2685,gut
2686,guttenberg
2687,guy
2688,gvea
2689,gym
2690,h
2691,ha
2692,haagenson
2693,habit
2694,habitat
2695,hadn
2696,hadnt
2697,haeg
2698,hage
2699,haida
2700,hain
2701,hair
2702,hakala
2703,hal
2704,halcro
2705,haley
2706,half
2707,halford
2708,halibut
2709,hall
2710,hallingstad
2711,halltx
2712,hallway
2713,ham
2714,hamel
2715,hamilton
2716,hammer
2717,hammond
2718,hampshir
2719,han
2720,hand
2721,handgun
2722,handheld
2723,handicap
2724,handl
2725,hang
2726,hanh
2727,hannah
2728,hansen
2729,hanson
2730,happen
2731,happi
2732,harass
2733,harbor
2734,hard
2735,harder
2736,hardli
2737,hardship
2738,hardwork
2739,hargrav
2740,harm
2741,harold
2742,harper
2743,harri
2744,harsh
2745,hartig
2746,harvest
2747,harvey
2748,hasn
2749,hasnt
2750,hasquet
2751,hat
2752,hatcheri
2753,hate
2754,haul
2755,have
2756,havemeist
2757,haven
2758,hawaii
2759,hawker
2760,hay
2761,hayward
2762,hazard
2763,hb
2764,hc
2765,head
2766,headlin
2767,headquart
2768,heal
2769,heali
2770,health
2771,healthcar
2772,healthi
2773,healthier
2774,hear
2775,heard
2776,heart
2777,heartburn
2778,heartfelt
2779,heat
2780,heath
2781,heather
2782,heaven
2783,heavi
2784,heavili
2785,heck
2786,hectic
2787,heel
2788,hees
2789,height
2790,heimbuch
2791,hein
2792,heinz
2793,held
2794,helen
2795,helicopt
2796,hell
2797,heller
2798,hello
2799,helmet
2800,helo
2801,help
2802,hemispher
2803,henc
2804,henderson
2805,henri
2806,her
2807,herd
2808,herebi
2809,heritag
2810,herman
2811,hernandez
2812,hero
2813,herrera
2814,hesit
2815,hess
2816,hey
2817,heyworth
2818,hftp
2819,hi
2820,hickel
2821,hidden
2822,hide
2823,higgin
2824,high
2825,higher
2826,highest
2827,highli
2828,highlight
2829,highway
2830,hike
2831,hilari
2832,hill
2833,hillari
2834,hillsdal
2835,hilsing
2836,hilton
2837,hint
2838,hip
2839,hire
2840,hispan
2841,histor
2842,histori
2843,hit
2844,hite
2845,hjr
2846,hl
2847,hmmmm
2848,hmmmmm
2849,ho
2850,hockey
2851,hoffman
2852,hogan
2853,hold
2854,holder
2855,hole
2856,holi
2857,holiday
2858,holland
2859,holli
2860,holloway
2861,holm
2862,holman
2863,holzman
2864,home
2865,homeland
2866,homeless
2867,homeown
2868,homepag
2869,homer
2870,homeschool
2871,hometown
2872,homework
2873,hon
2874,honest
2875,honesti
2876,honestli
2877,honeysett
2878,honor
2879,honorari
2880,hoo
2881,hook
2882,hooley
2883,hooper
2884,hoover
2885,hop
2886,hope
2887,hopkin
2888,horizon
2889,horn
2890,horrend
2891,horribl
2892,hors
2893,hospit
2894,host
2895,hostil
2896,hot
2897,hotel
2898,hotmail
2899,hour
2900,hourli
2901,hous
2902,household
2903,housekeep
2904,houston
2905,howard
2906,howev
2907,hp
2908,hr
2909,hs
2910,hse
2911,hslak
2912,htm
2913,html
2914,httn
2915,htto
2916,http
2917,hub
2918,huckabe
2919,huff
2920,huffman
2921,hug
2922,huge
2923,huggin
2924,hugh
2925,huh
2926,human
2927,humbl
2928,humor
2929,humphrey
2930,hundr
2931,hungri
2932,hunt
2933,hunter
2934,huntington
2935,hurdl
2936,hurley
2937,hurri
2938,hurrican
2939,hurt
2940,husband
2941,hustl
2942,hwi
2943,hybrid
2944,hyder
2945,hydro
2946,hydrocarbon
2947,hydroelectr
2948,hydrogen
2949,ian
2950,ibu
2951,ice
2952,ici
2953,icicl
2954,icon
2955,id
2956,idaho
2957,idea
2958,ideafamili
2959,ideal
2960,ident
2961,identif
2962,identifi
2963,idiot
2964,iditarod
2965,ie
2966,iegi
2967,ieighow
2968,ignor
2969,ii
2970,iii
2971,ij
2972,ijfry
2973,il
2974,ill
2975,illeg
2976,illicit
2977,illinoi
2978,illsley
2979,illustr
2980,iloyd
2981,im
2982,imag
2983,imagin
2984,imailto
2985,ime
2986,immedi
2987,immens
2988,immigr
2989,immin
2990,immun
2991,imp
2992,impact
2993,impair
2994,impeach
2995,imper
2996,implement
2997,impli
2998,implic
2999,import
3000,importantli
3001,impos
3002,imposs
3003,impress
3004,improp
3005,improv
3006,in
3007,inabl
3008,inaccur
3009,inact
3010,inadequ
3011,inappropri
3012,inaugur
3013,inc
3014,incas
3015,incent
3016,inch
3017,incid
3018,incident
3019,incit
3020,incl
3021,includ
3022,inclus
3023,incom
3024,incomplet
3025,inconsist
3026,incorpor
3027,incorrect
3028,incorrectli
3029,increas
3030,increasingli
3031,incred
3032,increment
3033,incumb
3034,incur
3035,inde
3036,independ
3037,index
3038,india
3039,indian
3040,indiana
3041,indic
3042,indict
3043,individu
3044,induc
3045,industri
3046,ineffect
3047,ineffici
3048,inequ
3049,inevit
3050,infant
3051,infantri
3052,inflat
3053,influenc
3054,influenti
3055,info
3056,inform
3057,infrastructur
3058,ing
3059,inher
3060,inherit
3061,initi
3062,inject
3063,injunct
3064,injur
3065,injuri
3066,inlc
3067,inlet
3068,inlin
3069,inmat
3070,inn
3071,inner
3072,innoc
3073,innov
3074,inouy
3075,input
3076,inquir
3077,inquiri
3078,insert
3079,insid
3080,insight
3081,insist
3082,inspect
3083,inspir
3084,instal
3085,instanc
3086,instant
3087,instat
3088,instead
3089,institut
3090,institutenorth
3091,instruct
3092,instructor
3093,instrument
3094,insul
3095,insult
3096,insur
3097,integr
3098,intel
3099,intellectu
3100,intellig
3101,intend
3102,intens
3103,intent
3104,interact
3105,interag
3106,interest
3107,interfer
3108,intergovernment
3109,interim
3110,interior
3111,intermedi
3112,intern
3113,internet
3114,interpret
3115,interrupt
3116,intersect
3117,interst
3118,interti
3119,interven
3120,intervent
3121,interview
3122,intim
3123,intrafish
3124,intrigu
3125,intro
3126,introduc
3127,introduct
3128,inund
3129,inventori
3130,invest
3131,investig
3132,investor
3133,invit
3134,invok
3135,involv
3136,io
3137,iogcc
3138,ion
3139,iowa
3140,ip
3141,ipcc
3142,iphc
3143,ir
3144,iran
3145,iraq
3146,iraqi
3147,iron
3148,irresist
3149,irrespons
3150,irwin
3151,isaac
3152,isaacson
3153,isabella
3154,iser
3155,ish
3156,ishmael
3157,island
3158,isn
3159,isnt
3160,isol
3161,israel
3162,issu
3163,itali
3164,itc
3165,item
3166,iti
3167,itinerari
3168,itta
3169,iuneauempir
3170,iv
3171,ivan
3172,ive
3173,iversen
3174,ivi
3175,ivyfry
3176,iwkatz
3177,iz
3178,izzo
3179,j
3180,jack
3181,jacki
3182,jackson
3183,jacob
3184,jail
3185,jam
3186,jame
3187,jami
3188,jan
3189,jane
3190,janet
3191,janic
3192,januari
3193,japan
3194,japanes
3195,jarvey
3196,jason
3197,javier
3198,jay
3199,jb
3200,jdh
3201,jean
3202,jeanett
3203,jeff
3204,jefferi
3205,jeffrey
3206,jenicek
3207,jenkin
3208,jenni
3209,jennif
3210,jensen
3211,jeopard
3212,jeremi
3213,jeremiah
3214,jerk
3215,jerri
3216,jersey
3217,jess
3218,jessalynn
3219,jessica
3220,jesu
3221,jet
3222,jewish
3223,jfjll
3224,jill
3225,jillian
3226,jim
3227,jk
3228,jlmason
3229,jlmasonj
3230,jno
3231,jnu
3232,jo
3233,joan
3234,joann
3235,job
3236,jodi
3237,joe
3238,joel
3239,joey
3240,jogger
3241,johansen
3242,johanson
3243,john
3244,johnni
3245,johnson
3246,join
3247,joint
3248,jointli
3249,joke
3250,jolli
3251,jolt
3252,jomo
3253,jon
3254,jonathan
3255,jone
3256,jonn
3257,jordan
3258,joseph
3259,joslin
3260,jot
3261,joul
3262,journal
3263,journalist
3264,journey
3265,joy
3266,joyc
3267,jpg
3268,jpo
3269,jr
3270,jrbalash
3271,jsd
3272,jsp
3273,jtrigg
3274,ju
3275,juanita
3276,judg
3277,judgment
3278,judi
3279,judici
3280,judiciari
3281,judith
3282,judkin
3283,jul
3284,juli
3285,julia
3286,jump
3287,jun
3288,junction
3289,june
3290,juneau
3291,juneauempir
3292,junior
3293,juno
3294,juri
3295,jurisdict
3296,justic
3297,justif
3298,justifi
3299,justin
3300,juvenil
3301,jw
3302,jwka
3303,jwkatz
3304,jwkatzalaskadc
3305,k
3306,ka
3307,kabata
3308,kafc
3309,kaitlin
3310,kake
3311,kami
3312,kan
3313,kansa
3314,kara
3315,karen
3316,kari
3317,karl
3318,karleen
3319,kasilof
3320,kate
3321,katherin
3322,kathi
3323,kathleen
3324,kathryn
3325,kati
3326,katmai
3327,katrina
3328,katryn
3329,katz
3330,kawasaki
3331,kay
3332,kb
3333,kbyr
3334,kccole
3335,kcgood
3336,kee
3337,keep
3338,keith
3339,kel
3340,keller
3341,kelli
3342,kellih
3343,kellyc
3344,kelsey
3345,kempthorn
3346,ken
3347,kenai
3348,kendal
3349,kennedi
3350,kenneth
3351,kensington
3352,kent
3353,kenton
3354,kentucki
3355,kept
3356,kerm
3357,kerri
3358,kerttula
3359,kertulla
3360,ketchikan
3361,kevin
3362,key
3363,keynot
3364,kfqd
3365,kgb
3366,khbruce
3367,khopkin
3368,kick
3369,kid
3370,kiesel
3371,kiistina
3372,kill
3373,kim
3374,kimberli
3375,kincaid
3376,kind
3377,kinda
3378,kindergarten
3379,kindli
3380,king
3381,kini
3382,kip
3383,kirksey
3384,kitchen
3385,kitka
3386,kivalina
3387,kizzia
3388,kjr
3389,kkg
3390,klein
3391,klmorgan
3392,knew
3393,kni
3394,knight
3395,knik
3396,knock
3397,know
3398,knowingli
3399,knowl
3400,knowledg
3401,known
3402,kobayashi
3403,koch
3404,kodiak
3405,kodiakschool
3406,kohler
3407,kohr
3408,kokotovich
3409,kookesh
3410,kootznoowoo
3411,kopp
3412,korea
3413,kott
3414,kotzebu
3415,kperri
3416,kpunet
3417,krali
3418,kramer
3419,kreiger
3420,kreitzer
3421,kri
3422,krisandclark
3423,krishna
3424,kristan
3425,kristancol
3426,kristi
3427,kristin
3428,kristina
3429,krsa
3430,ksrm
3431,ktn
3432,ktoo
3433,ktuu
3434,ktva
3435,ktw
3436,kubley
3437,kudlow
3438,kudo
3439,kuparuk
3440,kurt
3441,kurti
3442,kuskokwim
3443,kuwait
3444,kvisl
3445,kwhl
3446,ky
3447,kyle
3448,kyperri
3449,kyperryj
3450,l
3451,la
3452,laa
3453,lab
3454,label
3455,labor
3456,lack
3457,ladi
3458,laid
3459,lake
3460,lam
3461,lamal
3462,lamp
3463,lanc
3464,land
3465,landfil
3466,landi
3467,landmark
3468,landown
3469,landscap
3470,lane
3471,lang
3472,languag
3473,lap
3474,laptop
3475,larg
3476,larger
3477,largest
3478,larri
3479,larsen
3480,larson
3481,laskadc
3482,last
3483,lastli
3484,late
3485,later
3486,latest
3487,lathrop
3488,latin
3489,latter
3490,laugh
3491,launch
3492,laundri
3493,laura
3494,lauren
3495,lauri
3496,law
3497,lawmak
3498,lawrenc
3499,lawsuit
3500,lawyer
3501,lay
3502,layer
3503,lb
3504,lbc
3505,le
3506,lead
3507,leaddog
3508,leader
3509,leadership
3510,leaf
3511,leagu
3512,leai
3513,leak
3514,lean
3515,learn
3516,leas
3517,least
3518,leav
3519,led
3520,ledoux
3521,lee
3522,lefebvr
3523,left
3524,leg
3525,legaci
3526,legal
3527,leggi
3528,legi
3529,legisl
3530,legislatur
3531,legitim
3532,leighow
3533,leighowalaska
3534,leighowealaska
3535,leman
3536,lemon
3537,lend
3538,lender
3539,length
3540,lengthi
3541,lent
3542,leo
3543,leona
3544,leonard
3545,leppink
3546,leschper
3547,lesh
3548,lesil
3549,lessen
3550,lesser
3551,lesson
3552,lester
3553,let
3554,leta
3555,letter
3556,level
3557,leverag
3558,levi
3559,levitt
3560,lew
3561,lewi
3562,ley
3563,lg
3564,lhfcltc
3565,li
3566,liabil
3567,liabl
3568,liaison
3569,liar
3570,liason
3571,liber
3572,liberti
3573,librari
3574,lic
3575,licens
3576,license
3577,liddi
3578,lie
3579,lieberman
3580,lieuten
3581,life
3582,lifelong
3583,lifestyl
3584,lifetim
3585,lift
3586,light
3587,like
3588,likelihood
3589,likewis
3590,lillian
3591,limit
3592,lincoln
3593,linda
3594,lindoff
3595,lindsey
3596,line
3597,linehan
3598,link
3599,lio
3600,lion
3601,liquefi
3602,liquid
3603,liquor
3604,lisa
3605,list
3606,listen
3607,listserv
3608,liter
3609,literaci
3610,literatur
3611,litig
3612,littl
3613,live
3614,livelihood
3615,liz
3616,ll
3617,llc
3618,lloyd
3619,lmaso
3620,lmason
3621,lng
3622,lo
3623,load
3624,loan
3625,lob
3626,lobbi
3627,lobbyist
3628,local
3629,locat
3630,lock
3631,lodg
3632,loescher
3633,log
3634,logan
3635,logic
3636,logist
3637,logo
3638,loi
3639,london
3640,long
3641,longer
3642,longest
3643,longev
3644,longtim
3645,look
3646,loop
3647,loophol
3648,loos
3649,loosen
3650,lopez
3651,lord
3652,loren
3653,lori
3654,lose
3655,loss
3656,lost
3657,lot
3658,lou
3659,louann
3660,loud
3661,loudli
3662,loui
3663,louisiana
3664,love
3665,low
3666,lower
3667,lowest
3668,loy
3669,loyal
3670,loyalti
3671,lpersili
3672,lpm
3673,lt
3674,ltd
3675,ltgov
3676,luban
3677,luck
3678,lucki
3679,ludwig
3680,luggag
3681,lunch
3682,luncheon
3683,lund
3684,luther
3685,lv
3686,lvi
3687,lvon
3688,lyda
3689,lydia
3690,lyle
3691,lyman
3692,lynch
3693,lynden
3694,lynn
3695,m
3696,ma
3697,mac
3698,macdonald
3699,machin
3700,mack
3701,mackenzi
3702,mackey
3703,mackinnon
3704,mad
3705,madam
3706,made
3707,madsen
3708,magazin
3709,magnitud
3710,mai
3711,maid
3712,maiito
3713,mail
3714,mailbox
3715,mailto
3716,main
3717,mainli
3718,mainlin
3719,mainstream
3720,maintain
3721,mainten
3722,major
3723,make
3724,maker
3725,makookesh
3726,mal
3727,malcolm
3728,male
3729,malici
3730,mall
3731,mallto
3732,malon
3733,man
3734,manag
3735,manchin
3736,mandat
3737,mandatori
3738,mangelsdorf
3739,manhattan
3740,mani
3741,manipul
3742,manizich
3743,manner
3744,mansion
3745,manual
3746,manufactur
3747,map
3748,mar
3749,marathon
3750,marc
3751,march
3752,marcia
3753,marcott
3754,margaret
3755,margi
3756,margin
3757,mari
3758,maria
3759,marianna
3760,marietta
3761,marilyn
3762,marin
3763,marit
3764,maritim
3765,marjori
3766,mark
3767,market
3768,marketplac
3769,marli
3770,marnold
3771,marr
3772,marri
3773,marriag
3774,marriott
3775,marsh
3776,marshal
3777,mart
3778,martha
3779,marti
3780,martin
3781,marvel
3782,marvin
3783,maryland
3784,mason
3785,mass
3786,massachusett
3787,massey
3788,massiv
3789,mast
3790,master
3791,mastercard
3792,mat
3793,matanuska
3794,match
3795,mate
3796,materi
3797,materia
3798,math
3799,mathemat
3800,mati
3801,matibbl
3802,matmaid
3803,matsu
3804,matt
3805,matter
3806,matthew
3807,maureen
3808,maw
3809,max
3810,maxim
3811,maximum
3812,may
3813,mayb
3814,mayor
3815,mbrobert
3816,mbrown
3817,mc
3818,mca
3819,mcallist
3820,mcb
3821,mcbride
3822,mccain
3823,mcclatchi
3824,mcconnel
3825,mcdonald
3826,mcgrath
3827,mcguir
3828,mchugh
3829,mckeever
3830,mckenzi
3831,mckinley
3832,mclaughlin
3833,mclean
3834,mcmahon
3835,mcneil
3836,md
3837,mea
3838,mead
3839,meal
3840,mean
3841,meaning
3842,meant
3843,meantim
3844,meanwhil
3845,mear
3846,measur
3847,meat
3848,mechan
3849,medal
3850,mediat
3851,medic
3852,medicaid
3853,medicar
3854,medicin
3855,medium
3856,meera
3857,meet
3858,meg
3859,mega
3860,megan
3861,megawatt
3862,meghan
3863,meghanstapleton
3864,mel
3865,melani
3866,melissa
3867,mem
3868,memartin
3869,member
3870,membership
3871,memo
3872,memorandum
3873,memori
3874,men
3875,menard
3876,mendenhal
3877,mental
3878,mention
3879,mentor
3880,menu
3881,menzi
3882,mere
3883,merger
3884,merit
3885,merri
3886,merrick
3887,merrigan
3888,merril
3889,mess
3890,messag
3891,messeng
3892,met
3893,metal
3894,metcalf
3895,methan
3896,method
3897,metlakatla
3898,metz
3899,meur
3900,mexico
3901,meyer
3902,mhta
3903,mi
3904,michael
3905,micheal
3906,michel
3907,michigan
3908,microsoft
3909,mid
3910,midamerican
3911,middl
3912,midnight
3913,midst
3914,might
3915,migrat
3916,mike
3917,mil
3918,mile
3919,mileag
3920,milepost
3921,mileston
3922,militari
3923,militia
3924,milk
3925,milken
3926,mill
3927,millennium
3928,miller
3929,million
3930,mime
3931,min
3932,mind
3933,mindi
3934,mine
3935,miner
3936,minim
3937,minimum
3938,minist
3939,ministri
3940,minn
3941,minneapoli
3942,minneri
3943,minnesota
3944,minnick
3945,minor
3946,mint
3947,mintz
3948,minut
3949,miracl
3950,mirror
3951,misc
3952,miscommun
3953,misdemeanor
3954,miser
3955,misinform
3956,mislead
3957,mispercept
3958,miss
3959,mission
3960,mississippi
3961,missouri
3962,mistak
3963,misunderstand
3964,misus
3965,mitch
3966,mitchel
3967,mitig
3968,mitt
3969,mix
3970,mkrutherford
3971,mm
3972,mmediat
3973,mn
3974,mo
3975,moa
3976,mobil
3977,mode
3978,model
3979,moder
3980,modern
3981,modest
3982,modif
3983,modifi
3984,moli
3985,molli
3986,mom
3987,moment
3988,momentum
3989,mon
3990,monday
3991,monegan
3992,monetari
3993,money
3994,moneygram
3995,moni
3996,monica
3997,monitor
3998,monopoli
3999,monreal
4000,monster
4001,montana
4002,month
4003,monthli
4004,monument
4005,moon
4006,moor
4007,moos
4008,moral
4009,moratorium
4010,moreov
4011,morgan
4012,moriarti
4013,morn
4014,morri
4015,mortgag
4016,mose
4017,mosquitonet
4018,mostli
4019,mother
4020,motif
4021,motion
4022,motiv
4023,motor
4024,motorcycl
4025,mou
4026,mount
4027,mountain
4028,mouth
4029,move
4030,movement
4031,movi
4032,moyer
4033,mr
4034,mrsa
4035,msg
4036,msn
4037,msw
4038,mt
4039,mtab
4040,mtaonlin
4041,mtg
4042,much
4043,mud
4044,mulder
4045,multi
4046,multipl
4047,mulva
4048,muni
4049,municip
4050,munro
4051,murder
4052,murk
4053,murki
4054,murkowski
4055,murphi
4056,muscl
4057,museum
4058,musher
4059,music
4060,must
4061,mutual
4062,mva
4063,mw
4064,myer
4065,myliu
4066,myrna
4067,mysteri
4068,myth
4069,n
4070,na
4071,naep
4072,naic
4073,nail
4074,naiv
4075,nakazawa
4076,naknek
4077,name
4078,nan
4079,nanci
4080,naomi
4081,napoleon
4082,napolitano
4083,narrow
4084,nasti
4085,nat
4086,nathan
4087,nation
4088,nationwid
4089,nativ
4090,natl
4091,natur
4092,navarr
4093,navi
4094,navig
4095,nb
4096,nbc
4097,nbsp
4098,nc
4099,ncai
4100,nce
4101,ncl
4102,nclb
4103,ncoil
4104,ncsl
4105,nd
4106,ne
4107,nea
4108,neal
4109,near
4110,nearbi
4111,nearli
4112,neat
4113,nebraska
4114,necess
4115,necessari
4116,necessarili
4117,neck
4118,need
4119,needl
4120,neg
4121,neglect
4122,negoti
4123,neidig
4124,neighbor
4125,neighborhood
4126,neighborwork
4127,neil
4128,neither
4129,nel
4130,nelchina
4131,nelli
4132,nelson
4133,nenana
4134,nepa
4135,nephew
4136,nervou
4137,ness
4138,net
4139,netscap
4140,network
4141,neuman
4142,neumann
4143,neutral
4144,nevada
4145,never
4146,nevertheless
4147,new
4148,newborn
4149,newest
4150,newli
4151,newman
4152,news
4153,newshound
4154,newslett
4155,newsmin
4156,newspap
4157,newsroom
4158,newsweek
4159,newt
4160,newton
4161,next
4162,nfib
4163,nfpa
4164,nga
4165,ngak
4166,nh
4167,ni
4168,nice
4169,nichol
4170,nick
4171,nicki
4172,nicol
4173,nielsen
4174,night
4175,nikiski
4176,nikolski
4177,nine
4178,ninth
4179,nite
4180,nix
4181,nizich
4182,nj
4183,nm
4184,nmf
4185,noaa
4186,nobl
4187,nobodi
4188,node
4189,noel
4190,nohvcc
4191,nois
4192,nolan
4193,nome
4194,nomin
4195,nomine
4196,non
4197,none
4198,nonprofit
4199,nonsens
4200,noodl
4201,noon
4202,nope
4203,norepli
4204,norm
4205,normal
4206,norman
4207,north
4208,northeast
4209,northern
4210,northstar
4211,northway
4212,northwest
4213,norton
4214,norway
4215,nose
4216,notabl
4217,note
4218,noth
4219,notic
4220,notif
4221,notifi
4222,notion
4223,notti
4224,nov
4225,nova
4226,novagold
4227,novemb
4228,nowher
4229,np
4230,npfmc
4231,npr
4232,nr
4233,nra
4234,nt
4235,nuclear
4236,nueman
4237,nugget
4238,number
4239,numer
4240,nunamiut
4241,nurs
4242,nushtel
4243,nut
4244,nutrit
4245,nv
4246,nw
4247,nwbc
4248,ny
4249,nyholm
4250,nymey
4251,o
4252,oa
4253,oath
4254,ob
4255,obama
4256,object
4257,objection
4258,oblig
4259,observ
4260,obstacl
4261,obtain
4262,obviou
4263,obvious
4264,oc
4265,occas
4266,occasion
4267,occup
4268,occur
4269,ocean
4270,oct
4271,octob
4272,od
4273,odd
4274,oe
4275,ofalaska
4276,off
4277,offend
4278,offens
4279,offer
4280,offic
4281,offici
4282,offset
4283,offshor
4284,often
4285,ogan
4286,oh
4287,ohio
4288,ohv
4289,oil
4290,ok
4291,okay
4292,oklahoma
4293,old
4294,older
4295,oldest
4296,oliv
4297,olson
4298,olymp
4299,om
4300,omb
4301,ombudsman
4302,omiss
4303,omnibu
4304,one
4305,oneston
4306,ongo
4307,onlin
4308,onshor
4309,onto
4310,oo
4311,oop
4312,oov
4313,op
4314,ope
4315,open
4316,openli
4317,oper
4318,opinion
4319,oppon
4320,opportun
4321,oppos
4322,opposit
4323,opt
4324,optimist
4325,option
4326,oral
4327,orang
4328,orchestr
4329,order
4330,ordin
4331,ordinari
4332,ore
4333,oregon
4334,org
4335,organ
4336,organiz
4337,orgj
4338,orient
4339,origin
4340,orlean
4341,oro
4342,orphan
4343,orr
4344,os
4345,osborn
4346,ot
4347,other
4348,otherwis
4349,otter
4350,otto
4351,ou
4352,ought
4353,out
4354,outag
4355,outcom
4356,outdat
4357,outdoor
4358,outgo
4359,outlay
4360,outlet
4361,outlin
4362,outlook
4363,output
4364,outrag
4365,outreach
4366,outright
4367,outsid
4368,outstand
4369,ov
4370,overal
4371,overcom
4372,overdu
4373,overlap
4374,overli
4375,overlook
4376,overnight
4377,overrid
4378,overrun
4379,overse
4380,oversea
4381,oversight
4382,overtim
4383,overturn
4384,overview
4385,overwhelm
4386,ow
4387,owe
4388,owen
4389,own
4390,owner
4391,ownership
4392,p
4393,pa
4394,pac
4395,pace
4396,pacif
4397,pack
4398,packag
4399,packet
4400,pad
4401,page
4402,pageant
4403,pagel
4404,pahn
4405,paid
4406,paiin
4407,pain
4408,paint
4409,pair
4410,pal
4411,palen
4412,palin
4413,palinyahoo
4414,palln
4415,palm
4416,palmer
4417,paln
4418,pam
4419,pamel
4420,pamela
4421,pan
4422,panel
4423,panelist
4424,panic
4425,pant
4426,pantri
4427,paper
4428,paperwork
4429,par
4430,parad
4431,paradiso
4432,paragraph
4433,paramet
4434,paraphras
4435,parcel
4436,pardon
4437,parent
4438,park
4439,parker
4440,parliamentarian
4441,parnel
4442,parol
4443,part
4444,parti
4445,partial
4446,particip
4447,particular
4448,particularli
4449,partisan
4450,partner
4451,partnership
4452,pass
4453,passag
4454,passeng
4455,passion
4456,passport
4457,password
4458,past
4459,pastor
4460,pat
4461,patch
4462,pate
4463,path
4464,pathway
4465,patienc
4466,patient
4467,patin
4468,patricia
4469,patrick
4470,patriot
4471,patrol
4472,patsi
4473,pattern
4474,patterson
4475,patti
4476,paul
4477,paula
4478,pauldkendal
4479,paulett
4480,paulson
4481,paus
4482,pave
4483,paw
4484,pawlenti
4485,paxson
4486,pay
4487,payer
4488,paymckhea
4489,payment
4490,payout
4491,payrol
4492,pbu
4493,pc
4494,pce
4495,pd
4496,pda
4497,pdf
4498,pdt
4499,pe
4500,peac
4501,peak
4502,pearc
4503,pebbl
4504,peck
4505,pedro
4506,peek
4507,peer
4508,peggi
4509,pelosi
4510,pen
4511,penal
4512,penalti
4513,pend
4514,peni
4515,peninsula
4516,penn
4517,penney
4518,penni
4519,pennsylvania
4520,pension
4521,pent
4522,pentagon
4523,peopl
4524,per
4525,perceiv
4526,percent
4527,percentag
4528,percept
4529,perci
4530,perez
4531,perfect
4532,perfectli
4533,perform
4534,perhap
4535,period
4536,perk
4537,perkin
4538,perm
4539,perman
4540,permiss
4541,permit
4542,perpetu
4543,perplex
4544,perri
4545,perryalaska
4546,perryealaska
4547,persili
4548,persist
4549,perso
4550,person
4551,persona
4552,personnel
4553,perspect
4554,pertain
4555,pertin
4556,pet
4557,pete
4558,peter
4559,petersburg
4560,peterson
4561,petit
4562,petro
4563,petroleum
4564,petroleumnew
4565,petti
4566,pexendin
4567,pf
4568,pfd
4569,pg
4570,pgriffin
4571,ph
4572,phase
4573,phil
4574,philadelphia
4575,philip
4576,philippin
4577,philli
4578,phillip
4579,philosoph
4580,philosophi
4581,phmsa
4582,phone
4583,phoner
4584,photo
4585,photograph
4586,php
4587,phrase
4588,physic
4589,physician
4590,pi
4591,pic
4592,pick
4593,picnic
4594,pictur
4595,pie
4596,piec
4597,pient
4598,pierc
4599,pierr
4600,pike
4601,pile
4602,pilot
4603,pin
4604,pink
4605,pioneer
4606,pip
4607,pipe
4608,pipelin
4609,piper
4610,pit
4611,pitch
4612,pizza
4613,pkg
4614,pl
4615,place
4616,placement
4617,plain
4618,plaintiff
4619,plan
4620,plane
4621,planet
4622,planner
4623,plant
4624,plasma
4625,plastic
4626,plate
4627,platform
4628,play
4629,player
4630,plc
4631,plea
4632,plead
4633,pleas
4634,pleasur
4635,pledg
4636,plenti
4637,pletnikoff
4638,plu
4639,plug
4640,plumb
4641,pm
4642,po
4643,poag
4644,pocket
4645,podcast
4646,podium
4647,poe
4648,poem
4649,poetic
4650,point
4651,pois
4652,polar
4653,pole
4654,polic
4655,polici
4656,policymak
4657,polio
4658,polish
4659,polit
4660,politician
4661,poll
4662,pollut
4663,pond
4664,pool
4665,poor
4666,poorli
4667,pop
4668,popul
4669,popular
4670,pork
4671,port
4672,portal
4673,porter
4674,portfolio
4675,portion
4676,portland
4677,portray
4678,pose
4679,posit
4680,poss
4681,possess
4682,possibl
4683,post
4684,postal
4685,poster
4686,postma
4687,postmast
4688,postpon
4689,postsecondari
4690,postur
4691,pot
4692,potato
4693,potenti
4694,potter
4695,pound
4696,pour
4697,poverti
4698,powder
4699,power
4700,powerpoint
4701,pox
4702,ppt
4703,pr
4704,pra
4705,practic
4706,practition
4707,prais
4708,pray
4709,prayer
4710,pre
4711,preach
4712,preambl
4713,preced
4714,preciou
4715,precis
4716,preclud
4717,pred
4718,predat
4719,predecessor
4720,predict
4721,prefer
4722,pregnanc
4723,pregnant
4724,prejudic
4725,preliminari
4726,premera
4727,premier
4728,premis
4729,premium
4730,prep
4731,prepar
4732,prepared
4733,preschool
4734,prescrib
4735,prescript
4736,presenc
4737,present
4738,preserv
4739,presid
4740,presidenti
4741,press
4742,presser
4743,pressreleas
4744,pressur
4745,presum
4746,presumpt
4747,pretend
4748,pretti
4749,prevail
4750,prevent
4751,preview
4752,previou
4753,previous
4754,prey
4755,prez
4756,price
4757,pride
4758,primari
4759,primarili
4760,prime
4761,princ
4762,princess
4763,princip
4764,principl
4765,print
4766,prior
4767,priorit
4768,prioriti
4769,prision
4770,prison
4771,privaci
4772,privat
4773,privi
4774,privil
4775,privileg
4776,prize
4777,pro
4778,proactiv
4779,prob
4780,probabl
4781,probe
4782,problem
4783,proc
4784,proce
4785,procedur
4786,proceed
4787,process
4788,processor
4789,proclaim
4790,proclam
4791,procur
4792,prod
4793,produc
4794,product
4795,prof
4796,profess
4797,profession
4798,professor
4799,profici
4800,profil
4801,profit
4802,program
4803,progress
4804,prohibit
4805,project
4806,prom
4807,promin
4808,promis
4809,promot
4810,prompt
4811,promptli
4812,pronounc
4813,proof
4814,prop
4815,propan
4816,proper
4817,properli
4818,properti
4819,propon
4820,proport
4821,propos
4822,proposit
4823,prosecut
4824,prosecutor
4825,prospect
4826,prosper
4827,protect
4828,protest
4829,protocol
4830,proud
4831,prove
4832,proven
4833,provid
4834,provinc
4835,provinci
4836,provis
4837,provost
4838,proxim
4839,prudent
4840,prudho
4841,psa
4842,psea
4843,psio
4844,psychiatr
4845,psycholog
4846,pt
4847,pta
4848,ptf
4849,ptialaska
4850,ptu
4851,pub
4852,public
4853,publicli
4854,publish
4855,pull
4856,pullin
4857,pump
4858,punch
4859,punish
4860,punit
4861,pupil
4862,purchas
4863,pure
4864,purpl
4865,purport
4866,purpos
4867,purs
4868,pursu
4869,pursuant
4870,pursuit
4871,push
4872,pusich
4873,put
4874,pw
4875,q
4876,qualif
4877,qualifi
4878,qualiti
4879,quantiti
4880,quarter
4881,quarterli
4882,queri
4883,quest
4884,question
4885,questionnair
4886,quick
4887,quickli
4888,quiet
4889,quietli
4890,quinn
4891,quip
4892,quit
4893,quo
4894,quot
4895,quota
4896,r
4897,ra
4898,rabbi
4899,race
4900,rachael
4901,rachel
4902,racial
4903,radar
4904,radic
4905,radio
4906,radiu
4907,raffl
4908,rag
4909,rah
4910,rahal
4911,rail
4912,railbelt
4913,railroad
4914,rain
4915,raini
4916,rais
4917,raiser
4918,ralli
4919,ralph
4920,ramona
4921,ramp
4922,ramra
4923,ramseur
4924,ramseurd
4925,ran
4926,randal
4927,randi
4928,random
4929,rang
4930,ranger
4931,rank
4932,rant
4933,rapid
4934,rare
4935,rasmuson
4936,rasmussen
4937,rasumssen
4938,rate
4939,rather
4940,ratif
4941,ratifi
4942,ration
4943,rational
4944,rave
4945,raw
4946,ray
4947,raymond
4948,rb
4949,rca
4950,rd
4951,rdc
4952,re
4953,reach
4954,reachabl
4955,react
4956,reaction
4957,read
4958,reader
4959,readi
4960,readili
4961,reaffirm
4962,reagan
4963,real
4964,realist
4965,realiti
4966,realiz
4967,realli
4968,reappoint
4969,rear
4970,rearrang
4971,reason
4972,reassur
4973,reauthor
4974,rebat
4975,rebecca
4976,rebuild
4977,rebutt
4978,rec
4979,recal
4980,recd
4981,receipt
4982,receiv
4983,recent
4984,recepi
4985,recept
4986,receptionist
4987,recess
4988,reci
4989,reciev
4990,recipi
4991,recipientsicn
4992,reclam
4993,recogn
4994,recognit
4995,recommend
4996,reconfigur
4997,reconsid
4998,reconsider
4999,record
5000,recoup
5001,recov
5002,recoveri
5003,recreat
5004,recruit
5005,rectifi
5006,recycl
5007,red
5008,reda
5009,redact
5010,redirect
5011,reduc
5012,reduct
5013,reed
5014,reef
5015,ref
5016,refer
5017,referenc
5018,referr
5019,refin
5020,refineri
5021,reflect
5022,reform
5023,refresh
5024,refriger
5025,refug
5026,refund
5027,refus
5028,reg
5029,regan
5030,regard
5031,regardless
5032,regent
5033,reggi
5034,regim
5035,region
5036,regist
5037,registr
5038,regret
5039,regroup
5040,regul
5041,regular
5042,regularli
5043,regulatori
5044,rehabilit
5045,rehfeld
5046,reid
5047,reign
5048,reimburs
5049,reinforc
5050,reinstat
5051,reiter
5052,reject
5053,rel
5054,relat
5055,relationship
5056,relax
5057,relay
5058,releas
5059,relev
5060,reli
5061,reliabl
5062,relianc
5063,reliant
5064,relief
5065,reliev
5066,religi
5067,religion
5068,reloc
5069,reluct
5070,remain
5071,remaind
5072,remand
5073,remark
5074,remedi
5075,rememb
5076,remind
5077,remot
5078,remov
5079,render
5080,rene
5081,renew
5082,renov
5083,rent
5084,rental
5085,rep
5086,repair
5087,repay
5088,repeal
5089,repeat
5090,repeatedli
5091,replac
5092,repli
5093,replyto
5094,report
5095,reportedli
5096,repres
5097,represent
5098,republ
5099,republican
5100,reput
5101,request
5102,requir
5103,reschedul
5104,rescu
5105,research
5106,resend
5107,reserv
5108,reservoir
5109,resid
5110,residenti
5111,resign
5112,resist
5113,resolut
5114,resolv
5115,resort
5116,resourc
5117,respect
5118,respond
5119,respons
5120,rest
5121,restart
5122,restaur
5123,restor
5124,restrict
5125,restructur
5126,result
5127,resum
5128,retail
5129,retain
5130,retard
5131,retent
5132,retir
5133,retire
5134,retract
5135,retreat
5136,retriev
5137,retroact
5138,return
5139,reunion
5140,rev
5141,reveal
5142,revel
5143,revenu
5144,revers
5145,review
5146,revis
5147,revisit
5148,revit
5149,reviv
5150,revok
5151,revolv
5152,reward
5153,rework
5154,rewritten
5155,rex
5156,reynold
5157,rfa
5158,rfp
5159,rga
5160,rhetor
5161,rhode
5162,rhonda
5163,rhugh
5164,ri
5165,ribbon
5166,rice
5167,rich
5168,richard
5169,richardson
5170,rick
5171,rickel
5172,rid
5173,ride
5174,rider
5175,ridg
5176,ridicul
5177,rifl
5178,rig
5179,right
5180,rigor
5181,riley
5182,rim
5183,ring
5184,ringstad
5185,rintala
5186,rip
5187,rise
5188,risk
5189,riski
5190,river
5191,rivileg
5192,rk
5193,rkelli
5194,rm
5195,rmfaubion
5196,rn
5197,rnc
5198,rnrn
5199,rnrnl
5200,rnrnthe
5201,ro
5202,road
5203,roast
5204,rob
5205,robert
5206,roberta
5207,robin
5208,robinson
5209,robu
5210,robust
5211,rock
5212,rocket
5213,rod
5214,roemmich
5215,roger
5216,roland
5217,role
5218,roll
5219,rollout
5220,rom
5221,roman
5222,romano
5223,romer
5224,romney
5225,ron
5226,ronald
5227,roof
5228,room
5229,root
5230,rosann
5231,rose
5232,roseann
5233,rosemari
5234,ross
5235,rossi
5236,roster
5237,roston
5238,rotari
5239,rotat
5240,rough
5241,roughli
5242,roughridersak
5243,round
5244,roundtabl
5245,roundup
5246,rout
5247,routin
5248,row
5249,rowland
5250,roy
5251,royal
5252,royalti
5253,rpruaro
5254,rr
5255,rsvp
5256,rtn
5257,ru
5258,ruaro
5259,rubi
5260,ruedrich
5261,rug
5262,rule
5263,rumbl
5264,rumor
5265,run
5266,runner
5267,runway
5268,rupe
5269,rupert
5270,rural
5271,rush
5272,russel
5273,russia
5274,russian
5275,ruth
5276,rutherford
5277,ry
5278,ryan
5279,ryder
5280,s
5281,sa
5282,sacrific
5283,sad
5284,sadden
5285,saddler
5286,safe
5287,safeguard
5288,safer
5289,safeti
5290,safeunsubscrib
5291,said
5292,sail
5293,saint
5294,sake
5295,salad
5296,salari
5297,sale
5298,salheath
5299,salli
5300,salmon
5301,salvat
5302,sam
5303,samantha
5304,samon
5305,sampl
5306,sampson
5307,samuel
5308,san
5309,sanction
5310,sanctiti
5311,sanctuari
5312,sand
5313,sandi
5314,sandra
5315,sanford
5316,santa
5317,sap
5318,sara
5319,sarabia
5320,sarah
5321,sarahcyahoo
5322,saraheyahoo
5323,sarahoyahoo
5324,sarahperson
5325,sarahyahoo
5326,sat
5327,satellit
5328,satisfact
5329,satisfi
5330,saturday
5331,sauc
5332,saunder
5333,save
5334,savec
5335,savikko
5336,savland
5337,savvi
5338,saw
5339,saxbi
5340,say
5341,sb
5342,sba
5343,sbcglobal
5344,sbishop
5345,sc
5346,scale
5347,scan
5348,scandal
5349,scare
5350,scenario
5351,scene
5352,scheben
5353,sched
5354,schedul
5355,scheme
5356,schip
5357,schmidt
5358,schmitz
5359,schneider
5360,scholar
5361,scholarship
5362,school
5363,scienc
5364,scientif
5365,scientist
5366,scoop
5367,scope
5368,score
5369,scott
5370,scour
5371,scout
5372,scrap
5373,scratch
5374,scream
5375,screen
5376,screw
5377,script
5378,scroll
5379,scrutini
5380,sd
5381,se
5382,sea
5383,seacc
5384,seafood
5385,seal
5386,sealaska
5387,sean
5388,seancc
5389,search
5390,searhc
5391,season
5392,seat
5393,seaton
5394,seattl
5395,sec
5396,secc
5397,second
5398,secondari
5399,secondli
5400,secoy
5401,secret
5402,secretari
5403,section
5404,sector
5405,secur
5406,see
5407,seed
5408,seek
5409,seem
5410,seemingli
5411,seen
5412,segment
5413,sei
5414,seifert
5415,seismic
5416,seiz
5417,seizur
5418,select
5419,self
5420,selfish
5421,selina
5422,sell
5423,semest
5424,seminar
5425,sempra
5426,sen
5427,senat
5428,senateschedul
5429,send
5430,sender
5431,senior
5432,sens
5433,sensibl
5434,sensit
5435,sentenc
5436,sentiment
5437,sep
5438,separ
5439,seper
5440,sept
5441,septemb
5442,serf
5443,sergeant
5444,seri
5445,seriou
5446,serious
5447,serv
5448,servant
5449,server
5450,servic
5451,sesion
5452,sess
5453,session
5454,set
5455,settl
5456,settlement
5457,setup
5458,seven
5459,seventh
5460,sever
5461,seward
5462,sewer
5463,sex
5464,sexual
5465,sfamili
5466,sfc
5467,sfo
5468,sgda
5469,sgt
5470,shaagenson
5471,shadow
5472,shake
5473,shall
5474,shame
5475,shane
5476,shannon
5477,shape
5478,share
5479,sharehold
5480,sharon
5481,sharp
5482,shaw
5483,shawn
5484,shed
5485,sheeeesh
5486,sheeesh
5487,sheehan
5488,sheep
5489,sheet
5490,sheffield
5491,sheila
5492,shelbi
5493,sheldon
5494,shelf
5495,shelia
5496,shell
5497,shelley
5498,shelli
5499,shelter
5500,sheraton
5501,sheri
5502,sherri
5503,sheryl
5504,shield
5505,shier
5506,shift
5507,shin
5508,shine
5509,ship
5510,shipment
5511,shipper
5512,shipyard
5513,shirley
5514,shirt
5515,shock
5516,shoe
5517,shoot
5518,shop
5519,shore
5520,short
5521,shortag
5522,shortcut
5523,shorten
5524,shorter
5525,shortfal
5526,shorthand
5527,shortli
5528,shot
5529,shotgun
5530,shoulder
5531,shouldn
5532,show
5533,showalt
5534,showcas
5535,showdown
5536,shower
5537,shown
5538,shtml
5539,shut
5540,shutdown
5541,shuttl
5542,sib
5543,sibl
5544,sick
5545,sicken
5546,sid
5547,side
5548,sierra
5549,sight
5550,sign
5551,signag
5552,signal
5553,signatur
5554,signific
5555,significantli
5556,signup
5557,silenc
5558,silent
5559,silk
5560,silver
5561,sim
5562,similar
5563,similarli
5564,simon
5565,simpl
5566,simpler
5567,simpli
5568,simplifi
5569,simpson
5570,simultan
5571,sinc
5572,sincer
5573,sing
5574,singl
5575,sink
5576,sinnott
5577,sinopec
5578,sir
5579,sister
5580,sit
5581,site
5582,sitka
5583,sitter
5584,situat
5585,six
5586,size
5587,skagway
5588,skate
5589,skeptic
5590,ski
5591,skill
5592,skin
5593,skip
5594,sky
5595,skyrocket
5596,sla
5597,slam
5598,slash
5599,slate
5600,slaughter
5601,sled
5602,sleep
5603,slemon
5604,slice
5605,slide
5606,slight
5607,slightli
5608,slip
5609,slope
5610,slot
5611,slow
5612,slowli
5613,small
5614,smaller
5615,smart
5616,smell
5617,smile
5618,smith
5619,smoke
5620,smooth
5621,smtp
5622,sneak
5623,snettisham
5624,snow
5625,snowmobil
5626,so
5627,soa
5628,soaiou
5629,soanou
5630,soar
5631,soboleff
5632,sobrieti
5633,soccer
5634,social
5635,societi
5636,sockey
5637,sodium
5638,softbal
5639,softwar
5640,soil
5641,sokol
5642,solar
5643,sold
5644,soldier
5645,soldotna
5646,sole
5647,solicit
5648,solicitor
5649,solid
5650,solidli
5651,solut
5652,solv
5653,somebodi
5654,someday
5655,somehow
5656,someon
5657,someth
5658,sometim
5659,somewhat
5660,somewher
5661,son
5662,song
5663,sonia
5664,soon
5665,sooner
5666,sore
5667,sorri
5668,sort
5669,sought
5670,soul
5671,sound
5672,sourc
5673,south
5674,southcentr
5675,southeast
5676,southern
5677,southwest
5678,sovereign
5679,sovereignti
5680,sp
5681,space
5682,spacer
5683,spaghetti
5684,spalin
5685,spam
5686,span
5687,spanish
5688,spare
5689,spawn
5690,speak
5691,speaker
5692,spech
5693,speci
5694,special
5695,specialist
5696,specif
5697,specifi
5698,spectrum
5699,specul
5700,speech
5701,speed
5702,spell
5703,spencer
5704,spend
5705,spent
5706,spew
5707,spi
5708,spike
5709,spill
5710,spin
5711,spirit
5712,spiritu
5713,spite
5714,spitzer
5715,split
5716,spm
5717,spoke
5718,spoken
5719,spokesman
5720,spokesperson
5721,spokeswoman
5722,sponsor
5723,sponsorship
5724,sport
5725,sportsdom
5726,spot
5727,spotlight
5728,spous
5729,spray
5730,spread
5731,spreadsheet
5732,spring
5733,sprockethead
5734,spruce
5735,spun
5736,spur
5737,sq
5738,squad
5739,squadron
5740,squar
5741,squash
5742,squeez
5743,sr
5744,srparnelli
5745,st
5746,sta
5747,stabil
5748,stabl
5749,staci
5750,stack
5751,staf
5752,staff
5753,staffer
5754,stage
5755,stair
5756,stake
5757,stakehold
5758,stall
5759,stamp
5760,stan
5761,stanc
5762,stand
5763,standard
5764,stanford
5765,stanley
5766,stapieton
5767,stapl
5768,stapleton
5769,star
5770,starband
5771,stark
5772,start
5773,starter
5774,stat
5775,state
5776,statehood
5777,statement
5778,statewid
5779,static
5780,station
5781,statist
5782,statu
5783,statut
5784,statutori
5785,stay
5786,ste
5787,steadi
5788,steak
5789,steal
5790,steam
5791,stedman
5792,steel
5793,steep
5794,steer
5795,stefan
5796,stefani
5797,steiner
5798,stem
5799,step
5800,stephani
5801,stephen
5802,stephenson
5803,stepovich
5804,sterl
5805,steve
5806,steven
5807,steward
5808,stewart
5809,stick
5810,sticker
5811,stiff
5812,still
5813,stimul
5814,stimulu
5815,stink
5816,stinson
5817,stipul
5818,stir
5819,stock
5820,stoke
5821,stole
5822,stoltz
5823,stomach
5824,stone
5825,stood
5826,stop
5827,storag
5828,store
5829,stori
5830,storm
5831,straight
5832,straighten
5833,strait
5834,strand
5835,strang
5836,strangl
5837,strateg
5838,strategi
5839,stream
5840,streamlin
5841,street
5842,strength
5843,strengthen
5844,stress
5845,stretch
5846,strict
5847,strictli
5848,strike
5849,string
5850,stringent
5851,strip
5852,strive
5853,stroke
5854,stroman
5855,strong
5856,stronger
5857,strongest
5858,strongli
5859,struck
5860,structur
5861,struggl
5862,stu
5863,stuart
5864,stuck
5865,stud
5866,student
5867,studi
5868,studio
5869,stuff
5870,stumbl
5871,stun
5872,stupid
5873,style
5874,su
5875,sub
5876,subcommitte
5877,subdivis
5878,subject
5879,submerg
5880,submiss
5881,submit
5882,subpart
5883,subpoena
5884,subscrib
5885,subscript
5886,subsect
5887,subsequ
5888,subsid
5889,subsidi
5890,subsidiari
5891,subsist
5892,substanc
5893,substant
5894,substanti
5895,substitut
5896,succeed
5897,success
5898,successor
5899,sudan
5900,sudden
5901,sue
5902,suffer
5903,suffic
5904,suffici
5905,suggest
5906,suicid
5907,suit
5908,suitabl
5909,sullivan
5910,sum
5911,summa
5912,summar
5913,summari
5914,summer
5915,summit
5916,sun
5917,sunday
5918,sunni
5919,sunris
5920,sunset
5921,super
5922,superdup
5923,superintend
5924,superior
5925,supervis
5926,supervisor
5927,supervisori
5928,supplement
5929,suppli
5930,supplier
5931,support
5932,suppos
5933,supposedli
5934,suprem
5935,sure
5936,surfac
5937,surgeri
5938,surplu
5939,surpris
5940,surpsris
5941,surround
5942,surtax
5943,surveil
5944,survey
5945,surveylink
5946,surviv
5947,survivor
5948,susan
5949,susanna
5950,susitna
5951,suspect
5952,suspend
5953,suspens
5954,suspici
5955,sustain
5956,sutton
5957,suzann
5958,svobodni
5959,sw
5960,swamc
5961,swamp
5962,swan
5963,swanson
5964,swanton
5965,sway
5966,swear
5967,sweat
5968,sweep
5969,sweet
5970,swift
5971,swim
5972,swing
5973,switch
5974,swleighow
5975,swleighowj
5976,swope
5977,symbol
5978,sympathi
5979,symposium
5980,syndrom
5981,synopsi
5982,synthet
5983,system
5984,t
5985,ta
5986,tab
5987,tabl
5988,tackl
5989,tactic
5990,tag
5991,tail
5992,tailor
5993,taint
5994,taiwan
5995,take
5996,taken
5997,talent
5998,tali
5999,talk
6000,talkeetna
6001,tall
6002,tammi
6003,tan
6004,tanana
6005,tank
6006,tanker
6007,tap
6008,tape
6009,tara
6010,tarbox
6011,target
6012,tariff
6013,task
6014,tast
6015,tate
6016,taught
6017,tax
6018,taxabl
6019,taxi
6020,taxpay
6021,taylor
6022,tc
6023,tcl
6024,td
6025,te
6026,tea
6027,teach
6028,teacher
6029,team
6030,teamster
6031,tear
6032,teas
6033,tech
6034,technic
6035,technician
6036,techniqu
6037,technolog
6038,ted
6039,teedah
6040,teen
6041,teenag
6042,teirwin
6043,tel
6044,tele
6045,telecommun
6046,teleconf
6047,teleconfer
6048,telehealth
6049,telephon
6050,televis
6051,telework
6052,tell
6053,temp
6054,templ
6055,temporari
6056,tempt
6057,ten
6058,tend
6059,tennesse
6060,tent
6061,tenur
6062,teresa
6063,teri
6064,term
6065,termin
6066,terrac
6067,terri
6068,terribl
6069,terrif
6070,territori
6071,terror
6072,terrorist
6073,tesoro
6074,test
6075,testicl
6076,testifi
6077,testimoni
6078,texa
6079,text
6080,th
6081,thailand
6082,thank
6083,thanksgiv
6084,thankyou
6085,that
6086,thayer
6087,thea
6088,theater
6089,theatr
6090,theft
6091,theme
6092,thenderson
6093,theori
6094,therapi
6095,thereaft
6096,therebi
6097,therefor
6098,theresa
6099,therriault
6100,thier
6101,thin
6102,thing
6103,think
6104,third
6105,thirti
6106,thnk
6107,tho
6108,thoma
6109,thompson
6110,thomson
6111,thornton
6112,thorough
6113,thoroughli
6114,thot
6115,though
6116,thought
6117,thousand
6118,thread
6119,threat
6120,threaten
6121,three
6122,threw
6123,thrha
6124,thrill
6125,thrive
6126,throughout
6127,throw
6128,thru
6129,thu
6130,thur
6131,thursday
6132,thx
6133,ti
6134,tib
6135,tibbl
6136,tibblesalaska
6137,tibblesoalaska
6138,tick
6139,ticket
6140,tidal
6141,tide
6142,tie
6143,tier
6144,tight
6145,tighten
6146,til
6147,till
6148,tilleri
6149,tillerson
6150,tim
6151,timber
6152,time
6153,timefram
6154,timelin
6155,timothi
6156,tina
6157,tini
6158,tinker
6159,tip
6160,tipp
6161,tire
6162,titl
6163,titu
6164,tj
6165,tjcolberg
6166,tjcolbergj
6167,tkacz
6168,tl
6169,tlingit
6170,tm
6171,tn
6172,tobacco
6173,today
6174,todd
6175,toe
6176,togeth
6177,togiak
6178,toilet
6179,tok
6180,tokyo
6181,told
6182,toler
6183,toll
6184,tom
6185,tomorrow
6186,ton
6187,tone
6188,tonga
6189,toni
6190,tonight
6191,toohey
6192,took
6193,tool
6194,toolbar
6195,toomey
6196,top
6197,topic
6198,torn
6199,toss
6200,total
6201,touch
6202,tough
6203,tour
6204,tourism
6205,tourist
6206,tournament
6207,tout
6208,toward
6209,tower
6210,town
6211,tp
6212,tpalin
6213,tr
6214,traci
6215,track
6216,tract
6217,trade
6218,trademark
6219,tradit
6220,traffic
6221,tragedi
6222,trail
6223,train
6224,tran
6225,transact
6226,transcanada
6227,transcript
6228,transfer
6229,transform
6230,transit
6231,translat
6232,transmiss
6233,transmit
6234,transmitt
6235,transpar
6236,transpir
6237,transport
6238,trap
6239,trapper
6240,trash
6241,travel
6242,travi
6243,treasur
6244,treasuri
6245,treat
6246,treati
6247,treatment
6248,tree
6249,treeck
6250,treek
6251,tremend
6252,trend
6253,trespass
6254,trevor
6255,tri
6256,trial
6257,tribal
6258,tribe
6259,trident
6260,trig
6261,trigger
6262,trillion
6263,trim
6264,trip
6265,troop
6266,trooper
6267,trophi
6268,tropic
6269,troubl
6270,truck
6271,true
6272,trueli
6273,trujillo
6274,truli
6275,truncat
6276,trust
6277,truste
6278,trustworthi
6279,truth
6280,tt
6281,tub
6282,tuckerman
6283,tudor
6284,tue
6285,tuesday
6286,tuition
6287,tundra
6288,tune
6289,turf
6290,turn
6291,turnagain
6292,turner
6293,tv
6294,tweak
6295,twelv
6296,twenti
6297,twice
6298,twin
6299,twist
6300,two
6301,tx
6302,txt
6303,tyler
6304,tyonek
6305,type
6306,typic
6307,typo
6308,u
6309,ua
6310,uaa
6311,uaf
6312,uci
6313,ugh
6314,ugli
6315,uh
6316,uk
6317,ulmer
6318,ultim
6319,um
6320,umbrella
6321,un
6322,unabl
6323,unaccept
6324,unalaska
6325,unanim
6326,unansw
6327,unauthor
6328,unavail
6329,unawar
6330,unbeliev
6331,uncertain
6332,uncertainti
6333,uncl
6334,unclassifi
6335,unclear
6336,uncondit
6337,unconstitut
6338,uncov
6339,undecid
6340,undeliver
6341,undergo
6342,undergradu
6343,underli
6344,undermin
6345,underscor
6346,understand
6347,understood
6348,undertak
6349,underway
6350,undoubtedli
6351,undu
6352,unemploy
6353,uneth
6354,unexpect
6355,unexpir
6356,unfair
6357,unfairli
6358,unfold
6359,unfortun
6360,unfund
6361,unhappi
6362,unifi
6363,uniform
6364,unintent
6365,union
6366,uniqu
6367,unit
6368,uniti
6369,univers
6370,unknown
6371,unless
6372,unlik
6373,unlimit
6374,unlock
6375,unnecessari
6376,unorgan
6377,unpreced
6378,unreason
6379,unrel
6380,unsubscrib
6381,unsuccess
6382,untitl
6383,untruth
6384,unusu
6385,unveil
6386,unwil
6387,up
6388,upcom
6389,updat
6390,upgrad
6391,uphold
6392,upland
6393,upon
6394,upper
6395,upset
6396,upstair
6397,upstream
6398,upward
6399,urban
6400,urg
6401,urgenc
6402,urgent
6403,urion
6404,url
6405,us
6406,usa
6407,usac
6408,usag
6409,uscg
6410,uschamb
6411,usda
6412,usdlc
6413,use
6414,user
6415,userld
6416,usfw
6417,usg
6418,usj
6419,usl
6420,usp
6421,usual
6422,utah
6423,utf
6424,util
6425,utmost
6426,uu
6427,uwe
6428,v
6429,va
6430,vacanc
6431,vacant
6432,vacat
6433,vahoo
6434,valdez
6435,valeri
6436,valid
6437,valley
6438,valu
6439,valuabl
6440,van
6441,vancouv
6442,vanguard
6443,vantryck
6444,vari
6445,variabl
6446,varieti
6447,variou
6448,vast
6449,ve
6450,veco
6451,vega
6452,veget
6453,vehicl
6454,vendor
6455,vent
6456,ventur
6457,venu
6458,veolia
6459,verbal
6460,verdict
6461,verif
6462,verifi
6463,verizon
6464,vern
6465,vers
6466,version
6467,versu
6468,vessel
6469,vest
6470,vet
6471,veteran
6472,veteransaffair
6473,veto
6474,vi
6475,via
6476,viabil
6477,viabl
6478,vic
6479,vice
6480,vicki
6481,victim
6482,victor
6483,victori
6484,victoria
6485,video
6486,vietnam
6487,view
6488,viewpoint
6489,vigil
6490,vigor
6491,villag
6492,vincent
6493,violat
6494,violenc
6495,violent
6496,vip
6497,virginia
6498,virtual
6499,viru
6500,visa
6501,viscou
6502,visibl
6503,vision
6504,visit
6505,visitor
6506,vista
6507,visual
6508,vital
6509,vocal
6510,vocat
6511,voic
6512,void
6513,volum
6514,volunt
6515,von
6516,vonda
6517,vonscheben
6518,vote
6519,voter
6520,vow
6521,vp
6522,vpp
6523,vpso
6524,vt
6525,vulner
6526,w
6527,wa
6528,wade
6529,wage
6530,wagner
6531,wagon
6532,wainwright
6533,wait
6534,waiv
6535,waiver
6536,wake
6537,wal
6538,wale
6539,walk
6540,walker
6541,wall
6542,wallac
6543,walli
6544,walsh
6545,walt
6546,walter
6547,want
6548,war
6549,waralaska
6550,ward
6551,warm
6552,warmest
6553,warmli
6554,warn
6555,warner
6556,warrant
6557,warren
6558,warrior
6559,wash
6560,washington
6561,wasilla
6562,wasn
6563,wast
6564,wastebusinessjourn
6565,wastewat
6566,watch
6567,watchdog
6568,water
6569,watt
6570,wave
6571,way
6572,wayn
6573,wbj
6574,wca
6575,we
6576,weak
6577,weaken
6578,wealth
6579,weapon
6580,wear
6581,weari
6582,weather
6583,weaver
6584,web
6585,webb
6586,webcast
6587,webmail
6588,webmailegov
6589,webmailgov
6590,webmailogov
6591,webmast
6592,webpag
6593,websit
6594,wed
6595,wednesday
6596,weed
6597,week
6598,weekend
6599,weekli
6600,weigh
6601,weight
6602,welcom
6603,weld
6604,welfar
6605,well
6606,wendi
6607,went
6608,wenzel
6609,weren
6610,wesley
6611,west
6612,western
6613,wet
6614,wetherel
6615,wga
6616,wgu
6617,wh
6618,whale
6619,what
6620,whatev
6621,wheel
6622,wheeler
6623,whenev
6624,wherea
6625,wherev
6626,whether
6627,whichev
6628,whilst
6629,whip
6630,whitak
6631,white
6632,whitehors
6633,whittak
6634,whoever
6635,whole
6636,wholesal
6637,whomev
6638,whose
6639,wi
6640,wich
6641,wide
6642,widespread
6643,widow
6644,wielechowski
6645,wife
6646,wiki
6647,wikipedia
6648,wilcox
6649,wild
6650,wildak
6651,wilder
6652,wildfir
6653,wildlif
6654,wilken
6655,will
6656,willi
6657,william
6658,willing
6659,willow
6660,wilson
6661,win
6662,wind
6663,windfal
6664,windi
6665,window
6666,wine
6667,winegar
6668,wing
6669,winner
6670,winter
6671,wipe
6672,wire
6673,wireless
6674,wisconsin
6675,wisdom
6676,wise
6677,wish
6678,wit
6679,withdraw
6680,withheld
6681,withhold
6682,within
6683,without
6684,wk
6685,wl
6686,woe
6687,wolf
6688,woman
6689,won
6690,wonder
6691,wont
6692,woo
6693,wood
6694,woodi
6695,wooten
6696,word
6697,wore
6698,work
6699,worker
6700,workerbe
6701,workforc
6702,workplac
6703,workshop
6704,world
6705,worldwid
6706,worri
6707,wors
6708,worst
6709,worth
6710,worthi
6711,worthwhil
6712,would
6713,wouldn
6714,wound
6715,wow
6716,wrangel
6717,wrap
6718,wrapup
6719,wreath
6720,wright
6721,writ
6722,write
6723,writer
6724,written
6725,wrong
6726,wrote
6727,wsj
6728,wsteven
6729,wtc
6730,wtcak
6731,wv
6732,wwa
6733,www
6734,wyatt
6735,wynona
6736,wyom
6737,x
6738,xml
6739,y
6740,ya
6741,yaboo
6742,yahoo
6743,yakutat
6744,yard
6745,ye
6746,yeah
6747,year
6748,yearli
6749,yellow
6750,yep
6751,yest
6752,yesterday
6753,yet
6754,yhoo
6755,yield
6756,yike
6757,ykhc
6758,ylc
6759,ylt
6760,ymail
6761,yocom
6762,york
6763,young
6764,younger
6765,youngest
6766,youth
6767,youtub
6768,yr
6769,yukon
6770,yup
6771,yvonn
6772,yyahoo
6773,z
6774,zencey
6775,zero
6776,zip
6777,zone
6778,zoo
